05,eb,90,d0,07,01,03,01,99,01,01,01,01,01,01,01,01,13,c7,01,c1,80,01,3d,cc,61,0d,c0,3f,77,17,41,1b,e5,9d,01,01,05,eb,90,b8,0b,01,07,01,81,eb,92,1d,09,01,05,04,01,ef,18,02,19,03,a0,65,1e,3f,7a,c8,a9,3f,fa,e8,69,40,3b,18,4b,40,82,53,2b,40,a0,a4,7b,40,be,e8,ac,bd,7d,8b,17,0b,02,0c,01,01,01,01,01,03,01,02,00
05,eb,90,a0,0f,01,03,02,99,01,01,01,01,01,01,01,01,13,c8,01,c2,81,02,3b,cd,4a,20,c0,40,57,6f,41,1c,61,fb,01,01,05,eb,90,88,13,01,07,02,81,eb,92,1d,09,01,05,05,01,ef,19,02,1a,03,a1,66,1e,3f,81,ee,a5,3f,f3,e6,bf,40,42,7e,96,40,7e,7b,ae,40,a1,cf,71,40,bf,b5,df,bc,47,29,32,0c,02,0e,01,01,01,01,01,03,01,02,00
05,eb,90,70,17,01,03,03,99,01,01,01,01,01,01,01,01,13,c8,01,c2,81,03,3d,51,41,63,c0,45,98,ac,41,1b,4e,d8,01,01,05,eb,90,58,1b,01,07,03,81,eb,92,1d,09,01,05,06,01,ef,1b,02,1c,03,a3,67,1e,3f,76,e8,54,40,02,4c,28,40,3a,a2,70,40,7a,68,18,40,a2,81,36,40,bf,ce,ca,3d,b7,29,e2,0d,02,10,01,01,01,01,01,03,01,02,00
05,eb,90,40,1f,01,03,04,99,01,01,01,01,01,01,01,01,13,c9,01,c3,82,04,3d,a7,ba,09,c0,3d,bc,c4,41,1d,85,55,01,01,05,eb,90,28,23,01,07,04,81,eb,92,1d,09,01,05,07,01,ef,1b,02,1c,03,a3,68,1e,3f,84,10,fc,3f,fe,ed,9a,40,3f,a5,60,40,81,09,4b,40,9d,8f,9b,40,c1,f8,8c,bd,a7,51,7a,0e,02,12,01,01,01,01,01,03,01,02,00
05,eb,90,10,27,01,03,05,99,01,01,01,01,01,01,01,01,13,c9,01,c3,82,05,3d,c6,18,7a,c0,45,79,d9,41,1d,01,77,01,01,05,eb,90,f8,2a,01,07,05,81,eb,92,1d,09,01,05,08,01,ef,1c,02,1d,03,a4,69,1e,3f,8a,61,30,40,06,28,68,40,42,98,c8,40,7d,8a,cd,40,9f,0b,9c,40,bf,ab,53,3d,c1,55,d8,0f,02,14,01,01,01,01,01,03,01,02,00
05,eb,90,e0,2e,01,03,06,99,01,01,01,01,01,01,01,01,13,ca,01,c4,83,06,bd,34,9b,cf,c0,3d,48,e0,41,1d,0f,0b,01,01,05,eb,90,c8,32,01,07,06,81,eb,92,1d,09,01,05,09,01,ef,1e,02,1f,03,a6,6a,1e,3f,88,c7,f9,40,04,ea,8e,40,43,51,05,40,7e,ae,f5,40,9f,e8,c7,40,bd,c5,ed,bd,0a,82,89,10,02,16,01,01,01,01,01,03,01,02,00
05,eb,90,b0,36,01,03,07,99,01,01,01,01,01,01,01,01,13,ca,01,c4,83,07,bc,8c,47,3b,c0,40,03,d0,41,1d,a6,53,01,01,05,eb,90,98,3a,01,07,07,81,eb,92,1d,09,01,05,0a,01,ef,1e,02,1f,03,a6,6b,1c,3f,71,67,62,3f,ff,14,2d,40,45,9c,f5,40,80,ed,e8,40,a1,32,79,40,bd,e0,58,3d,59,c0,02,11,02,18,01,01,01,01,01,03,01,02,00
05,eb,90,80,3e,01,03,08,99,01,01,01,01,01,01,01,01,13,cb,01,c5,84,08,bd,39,ce,d3,c0,45,37,80,41,1b,68,76,01,01,05,eb,90,68,42,01,07,08,81,eb,92,1d,09,01,05,0b,01,ef,1f,02,20,03,a7,6c,06,3f,7f,96,e0,40,18,0d,aa,40,3f,ae,81,40,80,92,18,40,9e,60,ac,40,bd,0b,58,3d,70,80,34,12,02,1a,01,01,01,01,01,03,01,02,00
05,eb,90,50,46,01,03,09,99,01,01,01,01,01,01,01,01,13,cb,01,c5,84,09,bc,d7,ad,f9,c0,3b,a8,d4,41,1c,52,40,01,01,05,eb,90,38,4a,01,07,09,81,eb,92,1d,09,01,05,0c,01,ef,21,02,22,03,a9,6d,1e,3f,77,1b,7a,3f,f7,1a,4b,40,3c,67,df,40,83,23,37,40,a3,08,c3,40,c2,c3,fa,3c,20,78,6a,13,02,1c,01,01,01,01,01,03,01,02,00
05,eb,90,20,4e,01,03,0a,99,01,01,01,01,01,01,01,01,13,cc,01,c6,85,0a,3d,b8,99,44,c0,42,f1,fb,41,1c,72,ee,01,01,05,eb,90,08,52,01,07,0a,81,eb,92,1d,09,01,05,0d,01,ef,21,02,22,03,a9,6e,06,3f,7b,34,5a,40,18,09,93,40,3f,15,f9,40,81,8c,10,40,9f,c1,33,40,c1,a5,be,3d,2b,61,5b,14,02,1e,01,01,01,01,01,03,01,02,00
05,eb,90,f0,55,01,03,0b,99,01,01,01,01,01,01,01,01,13,cc,01,c6,85,0b,bc,78,b9,f5,c0,3d,87,ab,41,1c,de,5a,01,01,05,eb,90,d8,59,01,07,0b,81,eb,92,1d,09,01,05,0e,01,ef,22,02,23,03,aa,6f,1e,3f,82,f5,1a,3f,fb,ba,aa,40,42,60,ce,40,7a,c1,6d,40,a1,0b,cd,40,c1,2d,74,bc,ff,2e,31,15,02,20,01,01,01,01,01,03,01,02,00
05,eb,90,c0,5d,01,03,0c,99,01,01,01,01,01,01,01,01,13,cd,01,c7,86,0c,3c,c7,fd,a0,c0,3a,71,63,41,1c,88,5d,01,01,05,eb,90,a8,61,01,07,0c,81,eb,92,1d,09,01,05,0f,01,ef,24,02,25,03,ac,70,13,3f,86,27,a2,40,01,78,2b,40,3a,1b,ee,40,7c,15,c5,40,a2,0b,b0,40,bd,11,83,3d,b6,a5,83,16,02,22,01,01,01,01,01,03,01,02,00
05,eb,90,90,65,01,03,0d,99,01,01,01,01,01,01,01,01,13,cd,01,c7,86,0d,3d,90,29,cf,c0,3b,44,35,41,1d,28,78,01,01,05,eb,90,78,69,01,07,0d,81,eb,92,1d,09,01,05,10,01,ef,24,02,25,03,ac,71,1e,3f,79,0b,32,40,03,7b,70,40,3c,ec,e4,40,82,39,1e,40,a0,1b,47,40,be,ee,94,bd,a4,53,d1,17,02,24,01,01,01,01,01,03,01,02,00
05,eb,90,60,6d,01,03,0e,99,01,01,01,01,01,01,01,01,13,ce,01,c8,87,0e,3d,27,e6,96,c0,45,72,47,41,1b,8f,6a,01,01,05,eb,90,48,71,01,07,0e,81,eb,92,1d,09,01,05,11,01,ef,25,02,26,03,ad,72,1b,3f,76,5d,bd,3f,f8,f0,dd,40,42,37,29,40,7f,ff,ef,40,a2,c1,53,40,c0,4b,2f,3b,47,03,cd,18,02,26,01,01,01,01,01,03,01,02,00
05,eb,90,30,75,01,03,0f,99,01,01,01,01,01,01,01,01,13,ce,01,c8,87,0f,3c,ed,48,75,c0,3a,01,0d,41,1d,50,3c,01,01,05,eb,90,18,79,01,07,0f,81,eb,92,1d,09,01,05,12,01,ef,27,02,28,03,af,73,1e,3f,79,42,48,3f,fc,cb,79,40,3b,75,26,40,81,c4,76,40,a0,45,e1,40,bf,d4,44,3d,9c,ce,5e,19,02,28,01,01,01,01,01,03,01,02,00
03,eb,90,02,7d,01,03,10,99,01,01,01,01,01,01,01,01,13,cf,01,c9,88,10,3b,b5,5c,db,c0,41,59,82,41,1c,57,a1,01,01,05,eb,90,e8,80,01,07,10,81,eb,92,1d,09,01,05,13,01,ef,27,02,28,03,af,74,1e,3f,87,d1,b8,3f,f9,98,b8,40,43,f5,b8,40,7a,bd,86,40,9e,57,b2,40,c2,a3,ff,bd,10,59,29,1a,02,2a,01,01,01,01,01,03,01,02,00
05,eb,90,d0,84,01,03,11,99,01,01,01,01,01,01,01,01,13,cf,01,c9,88,11,bc,b3,2e,c5,c0,44,e4,c8,41,1c,54,23,01,01,05,eb,90,b8,88,01,07,11,81,eb,92,1d,09,01,05,14,01,ef,28,02,29,03,b0,75,1e,3f,6b,d7,5d,40,04,3e,d5,40,3a,f5,3a,40,7a,1a,ce,40,a0,26,6e,40,bd,35,fd,3d,6c,81,97,1b,02,2c,01,01,01,01,01,03,01,02,00
05,eb,90,a0,8c,01,03,12,99,01,01,01,01,01,01,01,01,13,d0,01,ca,89,12,3d,cb,e3,04,c0,40,97,07,41,1b,d7,e8,01,01,05,eb,90,88,90,01,07,12,81,eb,92,1d,09,01,05,15,01,ef,2a,02,2b,03,b2,76,1e,3f,6a,d2,27,40,02,55,e6,40,39,f7,6b,40,7b,e8,a4,40,9e,c6,8b,40,bd,c0,20,bc,30,19,51,1c,02,2e,01,01,01,01,01,03,01,02,00
05,eb,90,70,94,01,03,13,99,01,01,01,01,01,01,01,01,13,d0,01,ca,89,13,bd,6a,4c,b1,c0,3c,b2,2c,41,1e,4c,66,01,01,05,eb,90,58,98,01,07,13,81,eb,92,1d,09,01,05,16,01,ef,2a,02,2b,03,b2,77,1e,3f,84,ef,cd,3f,f5,89,ab,40,3f,f8,c7,40,79,e7,bf,40,a0,02,73,40,c0,ba,18,bd,52,ff,f4,1d,02,30,01,01,01,01,01,03,01,02,00
05,eb,90,40,9c,01,03,14,99,01,01,01,01,01,01,01,01,13,d1,01,cb,8a,14,bd,8e,d9,21,c0,3d,5e,b7,41,1c,6f,ca,01,01,05,eb,90,28,a0,01,07,14,81,eb,92,1d,09,01,05,17,01,ef,2b,02,2c,03,b3,78,1e,3f,6d,d9,46,3f,f4,45,7b,40,41,8c,10,40,82,f4,db,40,a0,ce,af,40,be,6c,f6,bd,25,48,29,1e,02,32,01,01,01,01,01,03,01,02,00
05,eb,90,10,a4,01,03,15,99,01,01,01,01,01,01,01,01,13,d1,01,cb,8a,15,3d,59,e4,c9,c0,3d,c1,34,41,1e,09,b9,01,01,05,eb,90,f8,a7,01,07,15,81,eb,92,1d,09,01,05,18,01,ef,2d,02,2e,03,b5,79,03,3f,87,1b,bd,40,01,89,1c,40,42,6b,19,40,81,45,4c,40,a0,3f,f6,40,c2,ed,c3,bd,99,4d,eb,1f,02,34,01,01,01,01,01,03,01,02,00
05,eb,90,e0,ab,01,03,16,99,01,01,01,01,01,01,01,01,13,d2,01,cc,8b,16,bd,c2,49,40,c0,44,ea,dd,41,1b,d0,79,01,01,05,eb,90,c8,af,01,07,16,81,eb,92,1d,09,01,05,19,01,ef,2d,02,2e,03,b5,7a,03,3f,88,03,1e,40,18,b1,64,40,45,f6,58,40,7c,9c,6e,40,9d,6d,4f,40,be,04,01,3d,35,9d,02,20,02,36,01,01,01,01,01,03,01,02,00
05,eb,90,b0,b3,01,03,17,99,01,01,01,01,01,01,01,01,13,d2,01,cc,8b,17,3d,92,37,09,c0,45,e8,9a,41,1c,8a,4b,01,01,05,eb,90,98,b7,01,07,17,81,eb,92,1d,09,01,05,1a,01,ef,2e,02,2f,03,b6,7b,1e,3f,84,d4,5c,40,04,86,ee,40,3f,6e,83,40,79,d8,f7,40,9d,84,a0,40,bc,e5,6b,3a,1d,97,d5,21,02,38,01,01,01,01,01,03,01,02,00
05,eb,90,80,bb,01,03,18,99,01,01,01,01,01,01,01,01,13,d3,01,cd,8c,18,3d,24,ec,de,c0,45,96,62,41,1b,64,0d,01,01,05,eb,90,68,bf,01,07,18,81,eb,92,1d,09,01,05,1b,01,ef,30,02,31,03,b8,7c,0f,3f,7e,e4,4b,3f,f4,38,f7,40,40,e0,ab,40,80,0f,db,40,9f,d4,14,40,c1,cb,87,3d,07,aa,ab,22,02,3a,01,01,01,01,01,03,01,02,00
05,eb,90,50,c3,01,03,19,99,01,01,01,01,01,01,01,01,13,d3,01,cd,8c,19,bd,27,87,f9,c0,42,e6,10,41,1d,2b,70,01,01,05,eb,90,38,c7,01,07,19,81,eb,92,1d,09,01,05,1c,01,ef,30,02,31,03,b8,7d,1e,3f,88,db,20,3f,f7,cc,df,40,3d,4d,17,40,7f,4e,da,40,9f,f0,91,40,c0,70,9b,3d,bd,29,77,23,02,3c,01,01,01,01,01,03,01,02,00
05,eb,90,20,cb,01,03,1a,99,01,01,01,01,01,01,01,01,13,d4,01,ce,8d,1a,3c,b1,ab,45,c0,3b,49,5c,41,1b,cc,2b,01,01,05,eb,90,08,cf,01,07,1a,81,eb,92,1d,09,01,05,1d,01,ef,31,02,32,03,b9,7e,1e,3f,8a,d7,ee,40,05,da,db,40,3d,88,eb,40,81,48,2e,40,a1,e9,b2,40,c2,f4,7e,3d,37,1a,c6,24,02,3e,01,01,01,01,01,03,01,02,00
05,eb,90,f0,d2,01,03,1b,99,01,01,01,01,01,01,01,01,13,d4,01,ce,8d,1b,bd,b5,92,3b,c0,44,b1,71,41,1b,dc,b7,01,01,05,eb,90,d8,d6,01,07,1b,81,eb,92,1d,09,01,05,1e,01,ef,33,02,34,03,bb,7f,1e,3f,80,04,93,40,05,d0,34,40,45,61,e0,40,7d,3e,fe,40,9e,e0,9f,40,c3,0f,c9,bc,be,77,61,25,02,40,01,01,01,01,01,03,01,02,00
05,eb,90,c0,da,01,03,1c,99,01,01,01,01,01,01,01,01,13,d5,01,cf,8e,1c,bd,b7,59,02,c0,41,c3,ef,41,1d,17,be,01,01,05,eb,90,a8,de,01,07,1c,81,eb,92,1d,09,01,05,1f,01,ef,33,02,34,03,bb,80,1e,3f,86,84,bf,3f,f5,f7,f0,40,39,9e,37,40,81,6f,e8,40,a0,d7,80,40,c0,d5,4b,bc,24,8e,6d,26,02,42,01,01,01,01,01,03,01,02,00
05,eb,90,90,e2,01,03,1d,99,01,01,01,01,01,01,01,01,13,d5,01,cf,8e,1d,3d,57,97,3a,c0,45,ec,12,41,1d,8d,ea,01,01,05,eb,90,78,e6,01,07,1d,81,eb,92,1d,09,01,05,20,01,ef,34,02,35,03,bc,81,1e,3f,6e,40,88,3f,f6,fc,2b,40,45,16,c3,40,82,3d,ea,40,a0,c6,9d,40,c2,12,9d,3c,72,39,90,27,02,44,01,01,01,01,01,03,01,02,00
05,eb,90,60,ea,01,03,1e,99,01,01,01,01,01,01,01,01,13,d6,01,d0,8f,1e,3d,39,23,45,c0,43,d4,4b,41,1d,d2,fa,01,01,05,eb,90,48,ee,01,07,1e,81,eb,92,1d,09,01,05,21,01,ef,36,02,37,03,be,82,1e,3f,6e,d3,ac,3f,ff,89,fc,40,3c,4e,e8,40,82,c4,f1,40,a0,ce,c6,40,c1,09,52,3d,11,3a,d8,28,02,46,01,01,01,01,01,03,01,02,00
05,eb,90,30,f2,01,03,1f,99,01,01,01,01,01,01,01,01,13,d6,01,d0,8f,1f,3d,68,e7,fd,c0,3d,38,63,41,1d,f0,e6,01,01,05,eb,90,18,f6,01,07,1f,81,eb,92,1d,09,01,05,22,01,ef,36,02,37,03,be,83,1e,3f,82,9d,eb,3f,f4,9b,ad,40,44,fe,2c,40,7c,11,19,40,a1,6a,a7,40,c3,31,a8,bd,70,a0,b4,29,02,48,01,01,01,01,01,03,01,02,00
03,eb,90,02,fa,01,03,20,99,01,01,01,01,01,01,01,01,13,d7,01,d1,90,20,3d,96,9a,ab,c0,45,3b,aa,41,1d,60,3e,01,01,05,eb,90,e8,fd,01,07,20,81,eb,92,1d,09,01,05,23,01,ef,37,02,38,03,bf,84,04,3f,8c,41,1a,3f,f4,a6,8e,40,40,23,86,40,7f,ed,d7,40,9e,bc,47,40,bf,0f,e8,3d,89,62,1e,2a,02,4a,01,01,01,01,01,03,01,02,00
06,eb,90,d0,01,01,03,21,99,01,01,01,01,01,01,01,01,13,d7,01,d1,90,21,bc,8f,d2,ff,c0,3f,bd,99,41,1c,d5,20,01,01,06,eb,90,b8,05,01,07,21,81,eb,92,1d,09,01,05,24,01,ef,39,02,3a,03,c1,85,1e,3f,74,ad,d1,40,03,d2,11,40,39,a8,86,40,7b,f3,59,40,a1,53,2a,40,c2,0f,ca,3b,3d,8b,57,2b,02,4c,01,01,01,01,01,03,01,02,00
06,eb,90,a0,09,01,03,22,99,01,01,01,01,01,01,01,01,13,d8,01,d2,91,22,bd,a2,6d,82,c0,40,9b,3e,41,1d,bd,f2,01,01,06,eb,90,88,0d,01,07,22,81,eb,92,1d,09,01,05,25,01,ef,39,02,3a,03,c1,86,1e,3f,6a,9c,80,3f,f5,4e,1b,40,45,9a,d4,40,80,96,be,40,9d,11,c4,40,c1,b6,11,bd,a3,64,98,2c,02,4e,01,01,01,01,01,03,01,02,00
06,eb,90,70,11,01,03,23,99,01,01,01,01,01,01,01,01,13,d8,01,d2,91,23,3d,8c,34,fd,c0,46,57,9b,41,1c,77,d8,01,01,06,eb,90,58,15,01,07,23,81,eb,92,1d,09,01,05,26,01,ef,3a,02,3b,03,c2,87,1e,3f,79,0a,eb,40,01,c7,80,40,3d,45,9f,40,82,1b,b3,40,9e,bc,af,40,c3,03,d0,3c,ba,bc,7f,2d,02,50,01,01,01,01,01,03,01,02,00
06,eb,90,40,19,01,03,24,99,01,01,01,01,01,01,01,01,13,d9,01,d3,92,24,3d,9c,b3,8c,c0,41,76,8b,41,1c,9d,27,01,01,06,eb,90,28,1d,01,07,24,81,eb,92,1d,09,01,05,27,01,ef,3c,02,3d,03,c4,88,1e,3f,75,8f,bc,40,05,d8,60,40,3d,ec,ac,40,7a,81,c1,40,a1,97,70,40,c0,44,77,3d,59,5c,7b,2e,02,52,01,01,01,01,01,03,01,02,00
06,eb,90,10,21,01,03,25,99,01,01,01,01,01,01,01,01,13,d9,01,d3,92,25,bd,25,3f,bb,c0,46,65,cd,41,1b,85,17,01,01,06,eb,90,f8,24,01,07,25,81,eb,92,1d,09,01,05,28,01,ef,3c,02,3d,03,c4,89,1e,3f,8c,3f,c3,3f,fb,e7,11,40,44,38,7f,40,79,dd,65,40,a2,96,c1,40,c0,ba,31,bd,9c,90,23,2f,02,54,01,01,01,01,01,03,01,02,00
06,eb,90,e0,28,01,03,26,99,01,01,01,01,01,01,01,01,13,da,01,d4,93,26,bd,b2,a8,fc,c0,40,ed,b3,41,1d,f6,4b,01,01,06,eb,90,c8,2c,01,07,26,81,eb,92,1d,09,01,05,29,01,ef,3d,02,3e,03,c5,8a,1e,3f,82,62,23,40,01,c8,3b,40,42,fd,13,40,81,15,b7,40,a2,66,62,40,bf,0f,19,bc,6a,08,de,30,02,56,01,01,01,01,01,03,01,02,00
06,eb,90,b0,30,01,03,27,99,01,01,01,01,01,01,01,01,13,da,01,d4,93,27,3d,aa,8b,88,c0,45,f4,df,41,1d,3b,1d,01,01,06,eb,90,98,34,01,07,27,81,eb,92,1d,09,01,05,2a,01,ef,3f,02,40,03,c7,8b,1e,3f,84,47,f8,3f,f8,90,a3,40,3b,ad,39,40,81,1b,45,40,9d,31,b8,40,c0,4b,4b,bb,e1,fc,79,31,02,58,01,01,01,01,01,03,01,02,00
06,eb,90,80,38,01,03,28,99,01,01,01,01,01,01,01,01,13,db,01,d5,94,28,bd,cb,7e,9d,c0,44,7f,24,41,1b,74,6b,01,01,06,eb,90,68,3c,01,07,28,81,eb,92,1d,09,01,05,2b,01,ef,3f,02,40,03,c7,8c,1e,3f,84,70,25,3f,f8,57,9b,40,3a,ec,a9,40,81,58,0b,40,a1,7c,80,40,bf,16,ba,3d,b9,dd,92,32,02,5a,01,01,01,01,01,03,01,02,00
06,eb,90,50,40,01,03,29,99,01,01,01,01,01,01,01,01,13,db,01,d5,94,29,3d,be,b0,a6,c0,3f,8d,ef,41,1b,fd,f7,01,01,06,eb,90,38,44,01,07,29,81,eb,92,1d,09,01,05,2c,01,ef,40,02,41,03,c8,8d,1e,3f,83,7b,0d,40,05,9b,32,40,42,06,b7,40,7f,68,ba,40,9d,7e,36,40,bf,7d,68,3c,17,13,df,33,02,5c,01,01,01,01,01,03,01,02,00
06,eb,90,20,48,01,03,2a,99,01,01,01,01,01,01,01,01,13,dc,01,d6,95,2a,bd,47,c5,a0,c0,3e,68,2c,41,1e,35,86,01,01,06,eb,90,08,4c,01,07,2a,81,eb,92,1d,09,01,05,2d,01,ef,42,02,43,03,ca,8e,1e,3f,79,a6,ad,40,01,7f,a0,40,41,60,a1,40,7f,9d,8c,40,9f,88,5a,40,c2,69,70,3d,59,12,ee,34,02,5e,01,01,01,01,01,03,01,02,00
06,eb,90,f0,4f,01,03,2b,99,01,01,01,01,01,01,01,01,13,dc,01,d6,95,2b,3d,c2,d3,f9,c0,3a,83,d3,41,1d,4e,bf,01,01,06,eb,90,d8,53,01,07,2b,81,eb,92,1d,09,01,05,2e,01,ef,42,02,43,03,ca,8f,1e,3f,8a,ed,a1,40,06,4e,0c,40,45,fe,09,40,7e,27,a4,40,a0,5e,34,40,bf,3d,3d,3c,fb,9f,fe,35,02,60,01,01,01,01,01,03,01,02,00
06,eb,90,c0,57,01,03,2c,99,01,01,01,01,01,01,01,01,13,dd,01,d7,96,2c,bd,33,09,8a,c0,3c,7e,31,41,1c,d5,92,01,01,06,eb,90,a8,5b,01,07,2c,81,eb,92,1d,09,01,05,2f,01,ef,43,02,44,03,cb,90,1e,3f,83,94,ce,40,05,26,d9,40,3e,56,9d,40,80,32,61,40,9e,a3,c3,40,bd,05,42,bd,3f,2e,67,36,02,62,01,01,01,01,01,03,01,02,00
06,eb,90,90,5f,01,03,2d,99,01,01,01,01,01,01,01,01,13,dd,01,d7,96,2d,bc,b6,41,0e,c0,39,ac,f9,41,1d,44,5d,01,01,06,eb,90,78,63,01,07,2d,81,eb,92,1d,09,01,05,30,01,ef,45,02,46,03,cd,91,03,3f,7c,1b,be,3f,f6,c8,47,40,3b,9f,f1,40,79,f1,35,40,9e,75,f3,40,bf,06,3a,3d,47,53,23,37,02,64,01,01,01,01,01,03,01,02,00
06,eb,90,60,67,01,03,2e,99,01,01,01,01,01,01,01,01,13,de,01,d8,97,2e,3d,9d,7a,a0,c0,43,40,7c,41,1d,17,7d,01,01,06,eb,90,48,6b,01,07,2e,81,eb,92,1d,09,01,05,31,01,ef,45,02,46,03,cd,92,1e,3f,88,42,b0,3f,f7,eb,1a,40,3d,68,73,40,80,cd,52,40,a2,9b,4f,40,c1,fd,a0,bd,9d,f8,c2,38,02,66,01,01,01,01,01,03,01,02,00
06,eb,90,30,6f,01,03,2f,99,01,01,01,01,01,01,01,01,13,de,01,d8,97,2f,3d,57,49,10,c0,45,68,3f,41,1c,61,9d,01,01,06,eb,90,18,73,01,07,2f,81,eb,92,1d,09,01,05,32,01,ef,46,02,47,03,ce,93,1e,3f,78,68,13,3f,fc,97,3a,40,3f,54,19,40,80,4f,e8,40,9f,4c,8c,40,be,8c,60,bd,02,0e,c9,39,02,68,01,01,01,01,01,03,01,02,00
03,eb,90,03,77,01,03,30,99,01,01,01,01,01,01,01,01,13,df,01,d9,98,30,bb,8c,2a,d5,c0,3e,bf,44,41,1c,b0,b7,01,01,06,eb,90,e8,7a,01,07,30,81,eb,92,1d,09,01,05,33,01,ef,48,02,49,03,d0,94,1e,3f,8b,38,84,40,06,16,7a,40,3f,58,06,40,82,f7,81,40,9d,9d,6f,40,bf,21,e4,bb,5e,8c,f5,3a,02,6a,01,01,01,01,01,03,01,02,00
06,eb,90,d0,7e,01,03,31,99,01,01,01,01,01,01,01,01,13,df,01,d9,98,31,3d,62,b7,ca,c0,44,d3,f3,41,1b,64,e4,01,01,06,eb,90,b8,82,01,07,31,81,eb,92,1d,09,01,05,34,01,ef,48,02,49,03,d0,95,1e,3f,76,f1,1a,3f,fa,19,d3,40,45,ba,03,40,80,23,a7,40,9d,71,21,40,be,0a,10,bd,2f,14,db,3b,02,6c,01,01,01,01,01,03,01,02,00
06,eb,90,a0,86,01,03,32,99,01,01,01,01,01,01,01,01,13,e0,01,da,99,32,3c,41,ca,fd,c0,3f,99,ff,41,1d,18,56,01,01,06,eb,90,88,8a,01,07,32,81,eb,92,1d,09,01,05,35,01,ef,49,02,4a,03,d1,96,1e,3f,67,60,e5,3f,f5,bf,47,40,40,59,ee,40,80,b0,4c,40,a1,c3,bf,40,be,c7,d6,bd,cb,01,35,3c,02,6e,01,01,01,01,01,03,01,02,00
06,eb,90,70,8e,01,03,33,99,01,01,01,01,01,01,01,01,13,e0,01,da,99,33,3b,20,4e,7f,c0,44,f7,d2,41,1d,bb,0d,01,01,06,eb,90,58,92,01,07,33,81,eb,92,1d,09,01,05,36,01,ef,4b,02,4c,03,d3,97,1e,3f,77,49,a3,40,02,b3,48,40,40,81,07,40,81,e6,f7,40,9f,f1,b7,40,c2,57,48,3d,b5,54,5e,3d,02,70,01,01,01,01,01,03,01,02,00
06,eb,90,40,96,01,03,34,99,01,01,01,01,01,01,01,01,13,e1,01,db,9a,34,3d,a4,aa,7a,c0,3a,88,59,41,1e,26,32,01,01,06,eb,90,28,9a,01,07,34,81,eb,92,1d,09,01,05,37,01,ef,4b,02,4c,03,d3,98,0f,3f,81,99,f8,3f,f4,06,64,40,3a,ef,35,40,80,0f,56,40,a0,61,8e,40,c2,b4,c9,bc,8c,aa,8c,3e,02,72,01,01,01,01,01,03,01,02,00
06,eb,90,10,9e,01,03,35,99,01,01,01,01,01,01,01,01,13,e1,01,db,9a,35,bd,b1,55,17,c0,44,13,0f,41,1b,34,06,01,01,06,eb,90,f8,a1,01,07,35,81,eb,92,1d,09,01,05,38,01,ef,4c,02,4d,03,d4,99,06,3f,7e,69,73,40,18,be,68,40,42,dc,44,40,82,c8,db,40,a0,df,3d,40,bd,6d,dc,bd,b1,e5,83,3f,02,74,01,01,01,01,01,03,01,02,00
06,eb,90,e0,a5,01,03,36,99,01,01,01,01,01,01,01,01,13,e2,01,dc,9b,36,3d,a0,63,75,c0,3b,2a,24,41,1d,38,1a,01,01,06,eb,90,c8,a9,01,07,36,81,eb,92,1d,09,01,05,39,01,ef,4e,02,4f,03,d6,9a,1e,3f,85,e7,8f,40,04,e0,2c,40,43,a4,f4,40,7c,c8,0d,40,9f,08,dc,40,bf,80,71,bd,c6,2c,0b,40,02,76,01,01,01,01,01,03,01,02,00
06,eb,90,b0,ad,01,03,37,99,01,01,01,01,01,01,01,01,13,e2,01,dc,9b,37,bd,c3,2b,be,c0,3d,b6,ab,41,1c,d8,59,01,01,06,eb,90,98,b1,01,07,37,81,eb,92,1d,09,01,05,3a,01,ef,4e,02,4f,03,d6,9b,06,3f,70,e6,2d,40,18,73,98,40,3b,43,67,40,83,1d,28,40,a0,da,be,40,c1,cd,ff,3d,9a,6c,10,41,02,78,01,01,01,01,01,03,01,02,00
06,eb,90,80,b5,01,03,38,99,01,01,01,01,01,01,01,01,13,e3,01,dd,9c,38,bc,eb,ce,8f,c0,3c,05,2d,41,1b,f9,33,01,01,06,eb,90,68,b9,01,07,38,81,eb,92,1d,09,01,05,3b,01,ef,4f,02,50,03,d7,9c,1e,3f,83,0b,5d,3f,f5,da,75,40,41,45,f8,40,82,42,2b,40,9c,f7,d1,40,c3,05,49,3c,62,30,ef,42,02,7a,01,01,01,01,01,03,01,02,00
06,eb,90,50,bd,01,03,39,99,01,01,01,01,01,01,01,01,13,e3,01,dd,9c,39,3d,a6,25,c3,c0,3f,70,8e,41,1e,4e,0a,01,01,06,eb,90,38,c1,01,07,39,81,eb,92,1d,09,01,05,3c,01,ef,51,02,52,03,d9,9d,1e,3f,88,0c,73,3f,fc,50,bf,40,45,24,a7,40,7f,e2,23,40,9f,3f,35,40,bd,34,60,3d,8b,dd,e0,43,02,7c,01,01,01,01,01,03,01,02,00
06,eb,90,20,c5,01,03,3a,99,01,01,01,01,01,01,01,01,13,e4,01,de,9d,3a,bd,0e,bf,8f,c0,43,02,6c,41,1e,34,e6,01,01,06,eb,90,08,c9,01,07,3a,81,eb,92,1d,09,01,05,3d,01,ef,51,02,52,03,d9,9e,1e,3f,82,09,0e,3f,ff,be,a0,40,42,20,93,40,81,82,48,40,9d,be,c1,40,c1,e5,cb,3d,a1,4d,55,44,02,7e,01,01,01,01,01,03,01,02,00
06,eb,90,f0,cc,01,03,3b,99,01,01,01,01,01,01,01,01,13,e4,01,de,9d,3b,bc,b9,41,5c,c0,41,d5,25,41,1d,e7,93,01,01,06,eb,90,d8,d0,01,07,3b,81,eb,92,1d,09,01,05,3e,01,ef,52,02,53,03,da,9f,1e,3f,77,1d,ea,40,04,ea,0f,40,43,bd,0d,40,7c,fd,c5,40,a1,9d,11,40,c0,a3,c3,3d,22,11,8c,45,02,80,01,01,01,01,01,03,01,02,00
06,eb,90,c0,d4,01,03,3c,99,01,01,01,01,01,01,01,01,13,e5,01,df,9e,3c,3d,8c,03,50,c0,42,09,de,41,1b,8e,93,01,01,06,eb,90,a8,d8,01,07,3c,81,eb,92,1d,09,01,05,3f,01,ef,54,02,55,03,dc,a0,1e,3f,68,d1,51,40,05,c8,2d,40,3f,75,d9,40,82,f6,f0,40,a2,83,c4,40,c1,44,95,3c,30,37,90,46,02,82,01,01,01,01,01,03,01,02,00
06,eb,90,90,dc,01,03,3d,99,01,01,01,01,01,01,01,01,13,e5,01,df,9e,3d,ba,e9,5f,52,c0,45,aa,84,41,1c,41,d0,01,01,06,eb,90,78,e0,01,07,3d,81,eb,92,1d,09,01,05,40,01,ef,54,02,55,03,dc,a1,1e,3f,69,a7,f1,3f,f5,8e,38,40,3f,4b,7d,40,82,da,79,40,9e,56,97,40,c1,38,f1,bd,87,60,96,47,02,84,01,01,01,01,01,03,01,02,00
06,eb,90,60,e4,01,03,3e,99,01,01,01,01,01,01,01,01,13,e6,01,e0,9f,3e,3d,94,95,76,c0,3d,db,5c,41,1d,c2,63,01,01,06,eb,90,48,e8,01,07,3e,81,eb,92,1d,09,01,05,41,01,ef,55,02,56,03,dd,a2,1e,3f,7c,6d,5c,3f,ff,93,c4,40,3a,52,13,40,7c,c2,4f,40,a0,5a,a0,40,bd,ed,c6,3d,75,46,ab,48,02,86,01,01,01,01,01,03,01,02,00
06,eb,90,30,ec,01,03,3f,99,01,01,01,01,01,01,01,01,13,e6,01,e0,9f,3f,3c,2f,a7,90,c0,42,ac,1d,41,1e,46,36,01,01,06,eb,90,18,f0,01,07,3f,81,eb,92,1d,09,01,05,42,01,ef,57,02,58,03,df,a3,1e,3f,70,25,ef,3f,fc,ae,c2,40,42,c3,85,40,83,09,e6,40,9c,f0,e2,40,bd,cd,f2,bc,e8,61,2a,49,02,88,01,01,01,01,01,03,01,02,00
03,eb,90,03,f4,01,03,40,99,01,01,01,01,01,01,01,01,13,e7,01,e1,a0,40,3d,15,ec,e5,c0,40,b1,ed,41,1d,93,f5,01,01,06,eb,90,e8,f7,01,07,40,81,eb,92,1d,09,01,05,43,01,ef,57,02,58,03,df,a4,1e,3f,8b,7d,46,3f,fe,b2,13,40,3e,91,fa,40,7e,cd,08,40,a0,b6,8c,40,c0,ad,b3,3d,c2,56,4f,4a,02,8a,01,01,01,01,01,03,01,02,00
06,eb,90,d0,fb,01,03,41,99,01,01,01,01,01,01,01,01,13,e7,01,e1,a0,41,bd,85,d5,28,c0,3a,aa,8d,41,1b,91,d5,01,01,06,eb,90,b8,ff,01,07,41,81,eb,92,1d,09,01,05,44,01,ef,58,02,59,03,e0,a5,1e,3f,74,cc,f2,40,01,83,3c,40,3f,12,2b,40,80,2f,0a,40,9f,16,62,40,c0,2e,a1,bd,c8,b5,f2,4b,02,8c,01,01,01,01,01,03,01,02,00
06,eb,90,a0,03,02,03,42,99,01,01,01,01,01,01,01,01,13,e8,01,e2,a1,42,bc,60,c9,ce,c0,3d,68,8f,41,1c,7b,ac,01,01,06,eb,90,88,07,02,07,42,81,eb,92,1d,09,01,05,45,01,ef,5a,02,5b,03,e2,a6,1e,3f,89,33,3f,40,05,38,52,40,3a,14,55,40,80,b7,9c,40,9f,bf,89,40,c2,b8,df,3b,a7,3f,ab,4c,02,8e,01,01,01,01,01,03,01,02,00
06,eb,90,70,0b,02,03,43,99,01,01,01,01,01,01,01,01,13,e8,01,e2,a1,43,bd,ca,76,d7,c0,44,14,fd,41,1b,c3,66,01,01,06,eb,90,58,0f,02,07,43,81,eb,92,1d,09,01,05,46,01,ef,5a,02,5b,03,e2,a7,1e,3f,81,39,03,3f,fe,dc,df,40,3c,95,ca,40,82,1a,08,40,9d,49,74,40,c1,9a,41,bc,b9,b7,d8,4d,02,90,01,01,01,01,01,03,01,02,00
06,eb,90,40,13,02,03,44,99,01,01,01,01,01,01,01,01,13,e9,01,e3,a2,44,bc,51,5d,ef,c0,3d,87,8c,41,1b,c2,f3,01,01,06,eb,90,28,17,02,07,44,81,eb,92,1d,09,01,05,47,01,ef,5b,02,5c,03,e3,a8,1e,3f,7d,fd,06,3f,f9,10,e5,40,40,86,42,40,79,a7,83,40,a2,89,6b,40,bf,1c,9a,3c,d9,26,ef,4e,02,92,01,01,01,01,01,03,01,02,00
06,eb,90,10,1b,02,03,45,99,01,01,01,01,01,01,01,01,13,e9,01,e3,a2,45,3c,4f,01,70,c0,43,56,8f,41,1d,d2,af,01,01,06,eb,90,f8,1e,02,07,45,81,eb,92,1d,09,01,05,48,01,ef,5d,02,5e,03,e5,a9,1e,3f,74,fd,e4,40,04,50,76,40,3e,33,3c,40,81,41,ab,40,9e,ce,12,40,c1,52,8c,bc,f6,a7,be,4f,02,94,01,01,01,01,01,03,01,02,00
06,eb,90,e0,22,02,03,46,99,01,01,01,01,01,01,01,01,13,ea,01,e4,a3,46,3d,41,80,3d,c0,3c,26,7e,41,1c,64,84,01,01,06,eb,90,c8,26,02,07,46,81,eb,92,1d,09,01,05,49,01,ef,5d,02,5e,03,e5,aa,1e,3f,81,b1,5a,40,03,67,8f,40,3a,01,15,40,7e,73,e3,40,a1,09,1c,40,bf,19,7f,bb,8e,e4,25,50,02,96,01,01,01,01,01,03,01,02,00
06,eb,90,b0,2a,02,03,47,99,01,01,01,01,01,01,01,01,13,ea,01,e4,a3,47,bd,82,0a,f3,c0,44,e4,1f,41,1b,51,d1,01,01,06,eb,90,98,2e,02,07,47,81,eb,92,1d,09,01,05,4a,01,ef,5e,02,5f,03,e6,ab,1e,3f,87,f3,20,3f,f8,79,3d,40,41,bf,a2,40,82,59,ff,40,a3,25,68,40,bd,82,b0,3d,9e,02,d5,51,02,98,01,01,01,01,01,03,01,02,00
06,eb,90,80,32,02,03,48,99,01,01,01,01,01,01,01,01,13,eb,01,e5,a4,48,3d,12,5b,a1,c0,43,42,89,41,1c,32,cb,01,01,06,eb,90,68,36,02,07,48,81,eb,92,1d,09,01,05,4b,01,ef,60,02,61,03,e8,ac,1e,3f,7c,fa,82,40,05,41,c4,40,42,64,18,40,82,c3,ba,40,9f,20,f7,40,c0,85,ad,bb,aa,1b,98,52,02,9a,01,01,01,01,01,03,01,02,00
06,eb,90,50,3a,02,03,49,99,01,01,01,01,01,01,01,01,13,eb,01,e5,a4,49,3d,9e,f4,5b,c0,44,ca,f5,41,1b,63,be,01,01,06,eb,90,38,3e,02,07,49,81,eb,92,1d,09,01,05,4c,01,ef,60,02,61,03,e8,ad,1e,3f,7b,be,5a,40,04,52,14,40,3f,bc,43,40,7d,b5,f6,40,9e,e8,fa,40,bd,6d,68,bd,b4,3a,a8,53,02,9c,01,01,01,01,01,03,01,02,00
06,eb,90,20,42,02,03,4a,99,01,01,01,01,01,01,01,01,13,ec,01,e6,a5,4a,b8,2e,25,a5,c0,3e,23,9b,41,1b,52,a0,01,01,06,eb,90,08,46,02,07,4a,81,eb,92,1d,09,01,05,4d,01,ef,61,02,62,03,e9,ae,06,3f,8b,3a,ad,40,06,ac,62,40,45,4b,12,40,82,76,7a,40,a3,0d,95,40,be,61,4a,bc,d7,88,eb,54,02,9e,01,01,01,01,01,03,01,02,00
06,eb,90,f0,49,02,03,4b,99,01,01,01,01,01,01,01,01,13,ec,01,e6,a5,4b,3d,96,90,db,c0,44,10,06,41,1d,c4,67,01,01,06,eb,90,d8,4d,02,07,4b,81,eb,92,1d,09,01,05,4e,01,ef,63,02,64,03,eb,af,1e,3f,6c,da,71,3f,ff,cb,5c,40,41,10,9b,40,7a,db,5c,40,a2,2e,81,40,be,51,30,3c,2c,05,89,55,02,a0,01,01,01,01,01,03,01,02,00
06,eb,90,c0,51,02,03,4c,99,01,01,01,01,01,01,01,01,13,ed,01,e7,a6,4c,bd,7b,ae,43,c0,3b,d1,f3,41,1b,a9,5f,01,01,06,eb,90,a8,55,02,07,4c,81,eb,92,1d,09,01,05,4f,01,ef,63,02,64,03,eb,b0,1e,3f,85,83,9b,3f,f8,de,83,40,3b,09,bb,40,81,e3,5b,40,a2,05,e4,40,bf,a6,7c,bd,99,0e,3c,56,02,a2,01,01,01,01,01,03,01,02,00
06,eb,90,90,59,02,03,4d,99,01,01,01,01,01,01,01,01,13,ed,01,e7,a6,4d,bc,04,c9,10,c0,41,36,43,41,1b,3d,2c,01,01,06,eb,90,78,5d,02,07,4d,81,eb,92,1d,09,01,05,50,01,ef,64,02,65,03,ec,b1,1e,3f,86,8d,7f,3f,fa,6c,39,40,40,0b,18,40,80,89,fd,40,9e,16,8d,40,be,cb,3c,bd,80,32,4b,57,02,a4,01,01,01,01,01,03,01,02,00
06,eb,90,60,61,02,03,4e,99,01,01,01,01,01,01,01,01,13,ee,01,e8,a7,4e,bc,e4,be,88,c0,3e,a0,46,41,1e,2c,2e,01,01,06,eb,90,48,65,02,07,4e,81,eb,92,1d,09,01,05,51,01,ef,66,02,67,03,ee,b2,1e,3f,79,96,0d,40,04,8e,eb,40,3e,84,21,40,81,30,bc,40,a2,94,07,40,c2,36,ff,bd,2c,ea,8a,58,02,a6,01,01,01,01,01,03,01,02,00
06,eb,90,30,69,02,03,4f,99,01,01,01,01,01,01,01,01,13,ee,01,e8,a7,4f,3a,5a,7e,b5,c0,42,e3,1e,41,1c,47,52,01,01,06,eb,90,18,6d,02,07,4f,81,eb,92,1d,09,01,05,52,01,ef,66,02,67,03,ee,b3,0c,3f,84,09,b3,40,02,87,f4,40,40,f2,12,40,7b,c7,58,40,a1,d7,6c,40,bf,72,2d,bc,f7,fe,f0,59,02,a8,01,01,01,01,01,03,01,02,00
03,eb,90,03,71,02,03,50,99,01,01,01,01,01,01,01,01,13,ef,01,e9,a8,50,3d,95,07,d2,c0,3f,10,b1,41,1c,c3,a5,01,01,06,eb,90,e8,74,02,07,50,81,eb,92,1d,09,01,05,53,01,ef,67,02,68,03,ef,b4,1e,3f,68,bd,6c,3f,ff,da,43,40,42,7e,3b,40,7d,ab,cc,40,a2,6b,a5,40,c2,71,25,bd,ac,dd,81,5a,02,aa,01,01,01,01,01,03,01,02,00
06,eb,90,d0,78,02,03,51,99,01,01,01,01,01,01,01,01,13,ef,01,e9,a8,51,3c,95,34,77,c0,3f,c0,63,41,1b,45,3a,01,01,06,eb,90,b8,7c,02,07,51,81,eb,92,1d,09,01,05,54,01,ef,69,02,6a,03,f1,b5,06,3f,67,eb,68,40,18,33,f7,40,3c,4e,c2,40,7f,58,73,40,9f,c6,c7,40,bf,4b,a2,bd,61,9e,4e,5b,02,ac,01,01,01,01,01,03,01,02,00
06,eb,90,a0,80,02,03,52,99,01,01,01,01,01,01,01,01,13,f0,01,ea,a9,52,3d,4d,ec,ae,c0,39,ff,10,41,1e,50,33,01,01,06,eb,90,88,84,02,07,52,81,eb,92,1d,09,01,05,55,01,ef,69,02,6a,03,f1,b6,1e,3f,8b,3e,4f,3f,fe,be,73,40,44,d2,f8,40,7d,98,6d,40,a2,d1,db,40,bd,5c,96,3c,ff,84,41,5c,02,ae,01,01,01,01,01,03,01,02,00
06,eb,90,70,88,02,03,53,99,01,01,01,01,01,01,01,01,13,f0,01,ea,a9,53,bc,fb,ae,2f,c0,43,3e,ec,41,1c,8e,2d,01,01,06,eb,90,58,8c,02,07,53,81,eb,92,1d,09,01,05,56,01,ef,6a,02,6b,03,f2,b7,1e,3f,78,5b,f7,3f,fc,c6,2e,40,43,80,55,40,7f,a5,6d,40,a2,81,fc,40,bc,dd,a1,bd,07,27,f4,5d,02,b0,01,01,01,01,01,03,01,02,00
06,eb,90,40,90,02,03,54,99,01,01,01,01,01,01,01,01,13,f1,01,eb,aa,54,3c,82,7b,fd,c0,45,6b,92,41,1d,07,1a,01,01,06,eb,90,28,94,02,07,54,81,eb,92,1d,09,01,05,57,01,ef,6c,02,6d,03,f4,b8,06,3f,6b,86,5b,40,18,e4,38,40,3b,be,ef,40,7f,07,15,40,9e,9e,48,40,c2,ac,46,3c,c0,2c,f3,5e,02,b2,01,01,01,01,01,03,01,02,00
06,eb,90,10,98,02,03,55,99,01,01,01,01,01,01,01,01,13,f1,01,eb,aa,55,bc,36,df,da,c0,3b,e9,56,41,1c,fe,3b,01,01,06,eb,90,f8,9b,02,07,55,81,eb,92,1d,09,01,05,58,01,ef,6c,02,6d,03,f4,b9,1e,3f,85,a0,80,3f,f3,ef,6c,40,3f,42,24,40,81,c3,71,40,a2,d9,c1,40,c2,9e,35,3d,2d,2b,29,5f,02,b4,01,01,01,01,01,03,01,02,00
06,eb,90,e0,9f,02,03,56,99,01,01,01,01,01,01,01,01,13,f2,01,ec,ab,56,bd,96,06,3c,c0,3e,e4,73,41,1d,2c,52,01,01,06,eb,90,c8,a3,02,07,56,81,eb,92,1d,09,01,05,59,01,ef,6d,02,6e,03,f5,ba,1e,3f,77,80,ab,40,04,ea,1c,40,44,47,60,40,7a,46,f4,40,9f,0d,52,40,c0,99,b3,bc,f0,59,88,60,02,b6,01,01,01,01,01,03,01,02,00
06,eb,90,b0,a7,02,03,57,99,01,01,01,01,01,01,01,01,13,f2,01,ec,ab,57,bd,06,2c,af,c0,41,80,c5,41,1e,44,c2,01,01,06,eb,90,98,ab,02,07,57,81,eb,92,1d,09,01,05,5a,01,ef,6f,02,70,03,f7,bb,06,3f,6a,dc,fa,40,18,6c,e2,40,44,cb,e3,40,81,6c,69,40,9f,3a,04,40,c1,24,30,bc,58,f2,cc,61,02,b8,01,01,01,01,01,03,01,02,00
06,eb,90,80,af,02,03,58,99,01,01,01,01,01,01,01,01,13,f3,01,ed,ac,58,bd,62,17,a8,c0,41,e1,29,41,1c,1e,62,01,01,06,eb,90,68,b3,02,07,58,81,eb,92,1d,09,01,05,5b,01,ef,6f,02,70,03,f7,bc,1e,3f,87,43,97,3f,f5,c6,13,40,45,ef,ee,40,82,55,aa,40,a0,9c,19,40,bf,3d,46,3d,b5,8f,1c,62,02,ba,01,01,01,01,01,03,01,02,00
06,eb,90,50,b7,02,03,59,99,01,01,01,01,01,01,01,01,13,f3,01,ed,ac,59,bc,49,c1,95,c0,43,9d,ab,41,1c,be,d0,01,01,06,eb,90,38,bb,02,07,59,81,eb,92,1d,09,01,05,5c,01,ef,70,02,71,03,f8,bd,1e,3f,88,a3,e4,40,01,c1,6d,40,44,48,8b,40,80,d2,82,40,a2,ee,b9,40,bd,36,f5,3c,fd,63,b4,63,02,bc,01,01,01,01,01,03,01,02,00
06,eb,90,20,bf,02,03,5a,99,01,01,01,01,01,01,01,01,13,f4,01,ee,ad,5a,3d,82,0e,5a,c0,42,ee,fb,41,1c,11,e5,01,01,06,eb,90,08,c3,02,07,5a,81,eb,92,1d,09,01,05,5d,01,ef,72,02,73,03,fa,be,1e,3f,7e,cd,5d,3f,ff,b4,6e,40,43,b8,c0,40,80,c7,76,40,9d,7d,b3,40,c1,50,3a,bd,9f,ae,fa,64,02,be,01,01,01,01,01,03,01,02,00
06,eb,90,f0,c6,02,03,5b,99,01,01,01,01,01,01,01,01,13,f4,01,ee,ad,5b,bd,9f,a7,ec,c0,42,a8,3b,41,1e,47,78,01,01,06,eb,90,d8,ca,02,07,5b,81,eb,92,1d,09,01,05,5e,01,ef,72,02,73,03,fa,bf,1e,3f,8a,93,c8,3f,fd,de,19,40,3c,c0,04,40,7d,2a,c4,40,9f,5e,58,40,bf,fd,c4,bc,96,3f,cd,65,02,c0,01,01,01,01,01,03,01,02,00
06,eb,90,c0,ce,02,03,5c,99,01,01,01,01,01,01,01,01,13,f5,01,ef,ae,5c,3c,6e,dd,41,c0,3b,a4,1e,41,1b,f5,48,01,01,06,eb,90,a8,d2,02,07,5c,81,eb,92,1d,09,01,05,5f,01,ef,73,02,74,03,fb,c0,1e,3f,79,df,96,40,03,24,86,40,40,ee,77,40,80,de,56,40,9e,79,4c,40,be,6b,2b,bd,89,0b,5c,66,02,c2,01,01,01,01,01,03,01,02,00
06,eb,90,90,d6,02,03,5d,99,01,01,01,01,01,01,01,01,13,f5,01,ef,ae,5d,bd,6a,1e,d8,c0,41,4c,61,41,1c,9a,3c,01,01,06,eb,90,78,da,02,07,5d,81,eb,92,1d,09,01,05,60,01,ef,75,02,76,03,fd,c1,1e,3f,66,ad,64,40,05,d1,c2,40,3d,08,a2,40,7e,5d,7b,40,a1,8d,69,40,c1,11,8d,3d,4b,4f,2f,67,02,c4,01,01,01,01,01,03,01,02,00
06,eb,90,60,de,02,03,5e,99,01,01,01,01,01,01,01,01,13,f6,01,f0,af,5e,3d,0a,6b,38,c0,3f,b4,91,41,1b,74,6b,01,01,06,eb,90,48,e2,02,07,5e,81,eb,92,1d,09,01,05,61,01,ef,75,02,76,03,fd,c2,1e,3f,88,bb,c6,3f,ff,11,36,40,3b,c7,e9,40,80,44,57,40,a2,92,b5,40,c3,0b,93,bd,6e,67,75,68,02,c6,01,01,01,01,01,03,01,02,00
06,eb,90,30,e6,02,03,5f,99,01,01,01,01,01,01,01,01,13,f6,01,f0,af,5f,bd,a3,77,32,c0,3d,70,50,41,1e,51,fb,01,01,06,eb,90,18,ea,02,07,5f,81,eb,92,1d,09,01,05,62,01,ef,76,02,77,03,fe,c3,1e,3f,79,7b,9f,40,02,fa,2c,40,44,f3,4a,40,81,24,b1,40,a2,70,c1,40,c0,11,2a,bc,f5,b4,98,69,02,c8,01,01,01,01,01,03,01,02,00
03,eb,90,03,ee,02,03,60,99,01,01,01,01,01,01,01,01,13,f7,01,f1,b0,60,bd,9a,e8,d1,c0,3c,4b,ce,41,1d,2a,9a,01,01,06,eb,90,e8,f1,02,07,60,81,eb,92,1d,09,01,05,63,01,ef,78,02,79,01,02,c4,06,3f,75,93,4f,40,18,da,a5,40,42,15,ee,40,7a,27,cf,40,a2,5f,05,40,c1,eb,d1,3d,76,3b,7f,6a,02,ca,01,01,01,01,01,03,01,02,00
06,eb,90,d0,f5,02,03,61,99,01,01,01,01,01,01,01,01,13,f7,01,f1,b0,61,3d,8e,98,dd,c0,39,ce,f8,41,1c,7e,20,01,01,06,eb,90,b8,f9,02,07,61,81,eb,92,1d,09,01,05,64,01,ef,78,02,79,01,02,c5,1e,3f,66,b4,80,3f,fe,3b,81,40,40,4c,97,40,7a,2c,c2,40,9e,25,38,40,bd,0f,b4,bd,bd,55,eb,6b,02,cc,01,01,01,01,01,03,01,02,00
06,eb,90,a0,fd,02,03,62,99,01,01,01,01,01,01,01,01,13,f8,01,f2,b1,62,bd,2b,52,ae,c0,44,1a,92,41,1b,35,62,01,01,06,eb,90,88,01,03,07,62,81,eb,92,1d,09,01,05,65,01,ef,79,02,7a,03,01,c6,06,3f,86,9a,ae,40,18,b1,c1,40,3a,49,69,40,79,ea,16,40,9e,36,0c,40,bd,f0,63,3d,01,7c,ad,6c,02,ce,01,01,01,01,01,03,01,02,00
06,eb,90,70,05,03,03,63,99,01,01,01,01,01,01,01,01,13,f8,01,f2,b1,63,bc,28,13,02,c0,3c,67,cd,41,1d,c4,84,01,01,06,eb,90,58,09,03,07,63,81,eb,92,1d,09,01,05,66,01,ef,7b,02,7c,03,03,c7,1e,3f,8c,a4,75,3f,fc,28,ba,40,45,dd,95,40,7a,ef,f5,40,9f,89,43,40,c1,f7,af,3c,96,5d,a9,6d,02,d0,01,01,01,01,01,03,01,02,00
06,eb,90,40,0d,03,03,64,99,01,01,01,01,01,01,01,01,13,f9,01,f3,b2,64,bc,c1,0f,b1,c0,3d,cb,67,41,1c,88,7a,01,01,06,eb,90,28,11,03,07,64,81,eb,92,1d,09,01,05,67,01,ef,7b,02,7c,03,03,c8,1e,3f,71,4f,59,40,02,43,9a,40,41,d7,e1,40,7d,c7,8d,40,a0,ae,e9,40,c0,cf,a2,bc,14,71,cc,6e,02,d2,01,01,01,01,01,03,01,02,00
06,eb,90,10,15,03,03,65,99,01,01,01,01,01,01,01,01,12,f9,01,f3,b2,65,3b,3f,7e,29,c0,3f,99,a7,41,1b,5d,2a,01,01,06,eb,90,f8,18,03,07,65,81,eb,92,1d,09,01,05,68,01,ef,7c,02,7d,03,04,c9,1e,3f,83,f8,d4,40,04,23,fc,40,42,47,0d,40,82,0b,e3,40,9f,2f,e5,40,c0,e6,37,3d,94,01,bc,6f,02,d4,02,01,01,01,01,03,01,02,00
06,eb,90,e0,1c,03,03,66,99,01,01,01,01,01,01,01,01,12,fa,01,f4,b3,66,3c,81,91,2f,c0,3c,b6,77,41,1c,15,24,01,01,06,eb,90,c8,20,03,07,66,81,eb,92,1d,09,01,05,69,01,ef,7e,02,7f,03,06,ca,1e,3f,8c,8f,c9,40,02,e2,d3,40,3b,07,dc,40,81,f1,7b,40,a3,2a,66,40,c2,d5,50,3d,4f,43,d4,70,02,d6,02,01,01,01,01,03,01,02,00
06,eb,90,b0,24,03,03,67,99,01,01,01,01,01,01,01,01,12,fa,01,f4,b3,67,ba,bc,6e,22,c0,40,54,66,41,1c,3c,14,01,01,06,eb,90,98,28,03,07,67,81,eb,92,1d,09,01,05,6a,01,ef,7e,02,7f,03,06,cb,1e,3f,74,e1,a5,3f,fa,74,29,40,3e,31,ce,40,7f,8e,c5,40,9e,7b,66,40,c2,f1,e0,bc,da,dc,a5,71,02,d8,02,01,01,01,01,03,01,02,00
06,eb,90,80,2c,03,03,68,99,01,01,01,01,01,01,01,01,12,fb,01,f5,b4,68,bc,9f,96,15,c0,43,8f,57,41,1c,be,b6,01,01,06,eb,90,68,30,03,07,68,81,eb,92,1d,09,01,05,6b,01,ef,7f,02,80,03,07,cc,1e,3f,77,89,87,40,03,d8,fc,40,3d,1b,e9,40,82,fe,1f,40,a0,e9,4f,40,bc,f9,17,3d,35,b7,0c,72,02,da,02,01,01,01,01,03,01,02,00
06,eb,90,50,34,03,03,69,99,01,01,01,01,01,01,01,01,12,fb,01,f5,b4,69,ba,f2,90,d5,c0,3d,13,74,41,1c,1e,e5,01,01,06,eb,90,38,38,03,07,69,81,eb,92,1d,09,01,05,6c,01,ef,81,02,82,03,09,cd,1e,3f,6e,1b,cd,3f,f8,52,44,40,3f,98,c0,40,81,ab,9f,40,9f,2a,ee,40,c0,9b,46,3d,75,9c,9a,73,02,dc,02,01,01,01,01,03,01,02,00
06,eb,90,20,3c,03,03,6a,99,01,01,01,01,01,01,01,01,12,fc,01,f6,b5,6a,bd,63,76,e4,c0,42,7c,7d,41,1d,67,86,01,01,06,eb,90,08,40,03,07,6a,81,eb,92,1d,09,01,05,6d,01,ef,81,02,82,03,09,ce,1e,3f,8c,77,e9,3f,f5,c8,d5,40,40,16,ad,40,81,fc,56,40,9d,80,f3,40,c1,24,4b,bd,2e,ab,29,74,02,de,02,01,01,01,01,03,01,02,00
06,eb,90,f0,43,03,03,6b,99,01,01,01,01,01,01,01,01,12,fc,01,f6,b5,6b,bd,a6,8d,df,c0,39,d2,6e,41,1c,dc,a3,01,01,06,eb,90,d8,47,03,07,6b,81,eb,92,1d,09,01,05,6e,01,ef,82,02,83,03,0a,cf,1e,3f,86,5b,de,3f,f7,cd,0e,40,44,20,28,40,7b,d2,d5,40,9e,ce,c8,40,c2,df,cb,3d,0b,de,78,75,02,e0,02,01,01,01,01,03,01,02,00
06,eb,90,c0,4b,03,03,6c,99,01,01,01,01,01,01,01,01,09,fd,01,f7,b6,6c,bd,bc,30,09,c0,44,a0,b1,41,1d,5a,d8,01,01,06,eb,90,a8,4f,03,07,6c,81,eb,92,1d,09,01,05,6f,01,ef,84,02,85,03,0c,d0,1e,3f,7c,e3,fc,3f,f4,40,b5,40,40,e8,ca,40,7a,99,53,40,9d,df,d2,40,c2,2a,c4,3b,d0,db,90,76,02,e2,02,01,01,01,01,03,01,02,00
06,eb,90,90,53,03,03,6d,99,01,01,01,01,01,01,01,01,12,fd,01,f7,b6,6d,bd,a5,ee,57,c0,42,dd,a8,41,1e,3e,4c,01,01,06,eb,90,78,57,03,07,6d,81,eb,92,1d,09,01,05,70,01,ef,84,02,85,03,0c,d1,06,3f,83,11,4d,40,18,fe,b6,40,3c,05,d4,40,80,1a,93,40,a2,79,57,40,c0,fb,99,bc,8a,31,1e,77,02,e4,02,01,01,01,01,03,01,02,00
06,eb,90,60,5b,03,03,6e,99,01,01,01,01,01,01,01,01,12,fe,01,f8,b7,6e,3c,13,31,6a,c0,3b,fc,ed,41,1b,72,53,01,01,06,eb,90,48,5f,03,07,6e,81,eb,92,1d,09,01,05,71,01,ef,85,02,86,03,0d,d2,1e,3f,83,76,2a,40,03,79,92,40,3e,06,3b,40,7c,91,77,40,9f,6e,7e,40,be,0d,c7,3c,d2,3f,b3,78,02,e6,02,01,01,01,01,03,01,02,00
06,eb,90,30,63,03,03,6f,99,01,01,01,01,01,01,01,01,12,fe,01,f8,b7,6f,bd,a1,19,0d,c0,3a,a7,1e,41,1d,a9,4a,01,01,06,eb,90,18,67,03,07,6f,81,eb,92,1d,09,01,05,72,01,ef,87,02,88,03,0f,d3,1e,3f,72,d3,43,40,04,9b,49,40,3c,09,66,40,81,57,1a,40,9e,fb,a1,40,c1,b7,15,bd,23,f3,87,79,02,e8,02,01,01,01,01,03,01,02,00
03,eb,90,03,6b,03,03,70,99,01,01,01,01,01,01,01,01,12,ff,01,f9,b8,70,3c,e1,01,78,c0,41,48,dc,41,1b,44,8e,01,01,06,eb,90,e8,6e,03,07,70,81,eb,92,1d,09,01,05,73,01,ef,87,02,88,03,0f,d4,1e,3f,7b,59,5a,40,01,81,3d,40,39,df,ef,40,80,52,9f,40,9d,22,e1,40,c2,11,8b,3c,a1,18,33,7a,02,ea,02,01,01,01,01,03,01,02,00
06,eb,90,d0,72,03,03,71,99,01,01,01,01,01,01,01,01,12,ff,01,f9,b8,71,bd,96,76,24,c0,44,8b,dc,41,1e,52,6a,01,01,06,eb,90,b8,76,03,07,71,81,eb,92,1d,09,01,05,74,01,ef,88,02,89,03,10,d5,1e,3f,78,f3,99,3f,fc,94,a0,40,43,b1,20,40,82,e0,e4,40,a0,e6,22,40,bd,8d,71,3d,be,c2,5f,7b,02,ec,02,01,01,01,01,03,01,02,00
06,eb,90,a0,7a,03,03,72,99,01,01,01,01,01,01,01,01,01,11,02,fa,b9,72,bd,80,19,03,c0,46,10,44,41,1b,5f,1c,01,01,06,eb,90,88,7e,03,07,72,81,eb,92,1d,09,01,05,75,01,ef,8a,02,8b,03,12,d6,1e,3f,68,72,23,3f,fc,ed,1b,40,40,d0,17,40,7f,b6,83,40,9d,5d,9a,40,c1,3a,8a,bc,6a,6c,c9,7c,02,ee,02,01,01,01,01,03,01,02,00
06,eb,90,70,82,03,03,73,99,01,01,01,01,01,01,01,01,01,11,02,fa,b9,73,3d,57,db,36,c0,44,a0,7f,41,1c,ba,fb,01,01,06,eb,90,58,86,03,07,73,81,eb,92,1d,09,01,05,76,01,ef,8a,02,8b,03,12,d7,1e,3f,70,fe,bb,40,01,4f,ba,40,43,e0,99,40,7c,0d,9c,40,a1,f8,39,40,c0,19,82,3b,54,1b,cb,7d,02,f0,02,01,01,01,01,03,01,02,00
06,eb,90,40,8a,03,03,74,99,01,01,01,01,01,01,01,01,12,01,02,fb,ba,74,3c,f4,ca,63,c0,3f,51,f5,41,1e,42,ec,01,01,06,eb,90,28,8e,03,07,74,81,eb,92,1d,09,01,05,77,01,ef,8b,02,8c,03,13,d8,1e,3f,79,31,2b,40,01,3d,3c,40,3e,c9,6a,40,7f,65,5f,40,a2,05,19,40,bc,e6,b7,3d,5a,58,42,7e,02,f2,02,01,01,01,01,03,01,02,00
06,eb,90,10,92,03,03,75,99,01,01,01,01,01,01,01,01,12,01,02,fb,ba,75,bd,5d,e2,f6,c0,41,be,05,41,1c,46,21,01,01,06,eb,90,f8,95,03,07,75,81,eb,92,1d,09,01,05,78,01,ef,8d,02,8e,03,15,d9,1e,3f,74,d6,43,40,03,9e,9f,40,42,3a,41,40,7f,bf,a5,40,9f,b1,ae,40,c0,93,60,3d,52,3a,85,7f,02,f4,02,01,01,01,01,03,01,02,00
06,eb,90,e0,99,03,03,76,99,01,01,01,01,01,01,01,01,12,02,02,fc,bb,76,3d,21,60,10,c0,41,45,77,41,1d,83,3e,01,01,06,eb,90,c8,9d,03,07,76,81,eb,92,1d,09,01,05,79,01,ef,8d,02,8e,03,15,da,1e,3f,80,6e,25,40,03,34,3a,40,3f,25,25,40,7c,50,96,40,a3,18,16,40,c0,89,b1,3d,87,a6,c0,80,02,f6,02,01,01,01,01,03,01,02,00
06,eb,90,b0,a1,03,03,77,99,01,01,01,01,01,01,01,01,12,02,02,fc,bb,77,3d,37,4c,01,c0,46,2b,12,41,1c,11,40,01,01,06,eb,90,98,a5,03,07,77,81,eb,92,1d,09,01,05,7a,01,ef,8e,02,8f,03,16,db,1e,3f,72,75,35,3f,f5,3b,29,40,3a,40,ad,40,79,c8,9f,40,a2,14,df,40,be,61,13,3d,41,3e,9b,81,02,f8,02,01,01,01,01,03,01,02,00
06,eb,90,80,a9,03,03,78,99,01,01,01,01,01,01,01,01,12,03,02,fd,bc,78,3d,c2,06,57,c0,3e,5e,3a,41,1d,69,e2,01,01,06,eb,90,68,ad,03,07,78,81,eb,92,1d,09,01,05,7b,01,ef,90,02,91,03,18,dc,1e,3f,84,35,21,3f,f7,61,36,40,43,54,3e,40,7c,50,ff,40,9f,0d,dc,40,c0,31,d9,bd,73,41,94,82,02,fa,02,01,01,01,01,03,01,02,00
06,eb,90,50,b1,03,03,79,99,01,01,01,01,01,01,01,01,12,03,02,fd,bc,79,bc,e6,ef,0f,c0,3f,81,20,41,1e,2d,3b,01,01,06,eb,90,38,b5,03,07,79,81,eb,92,1d,09,01,05,7c,01,ef,90,02,91,03,18,dd,1e,3f,86,92,d8,3f,f3,50,79,40,3e,ac,bc,40,7d,a1,d2,40,a2,89,e6,40,bd,26,61,bc,9d,f9,fa,83,02,fc,02,01,01,01,01,03,01,02,00
06,eb,90,20,b9,03,03,7a,99,01,01,01,01,01,01,01,01,12,04,02,fe,bd,7a,3d,6e,70,c5,c0,41,be,9a,41,1e,5b,bb,01,01,06,eb,90,08,bd,03,07,7a,81,eb,92,1d,09,01,05,7d,01,ef,91,02,92,03,19,de,1e,3f,74,a6,ad,40,02,9e,c6,40,3f,72,24,40,7a,87,4f,40,a2,30,f5,40,bd,3e,06,3d,0b,68,a9,84,02,fe,02,01,01,01,01,03,01,02,00
06,eb,90,f0,c0,03,03,7b,99,01,01,01,01,01,01,01,01,12,04,02,fe,bd,7b,3d,36,f9,60,c0,3d,25,4b,41,1d,ab,ee,01,01,06,eb,90,d8,c4,03,07,7b,81,eb,92,1d,09,01,05,7e,01,ef,93,02,94,03,1b,df,0b,3f,83,ea,c3,40,03,f4,2b,40,3b,13,33,40,7f,a7,ef,40,9f,43,f1,40,bf,e2,f0,39,ee,d6,1a,85,01,03,01,01,01,01,01,03,01,02,00
06,eb,90,c0,c8,03,03,7c,99,01,01,01,01,01,01,01,01,12,05,02,ff,be,7c,bb,8c,ec,73,c0,3c,51,86,41,1c,4a,87,01,01,06,eb,90,a8,cc,03,07,7c,81,eb,92,1d,09,01,05,7f,01,ef,93,02,94,03,1b,e0,1e,3f,88,8c,9f,3f,f5,4c,6d,40,44,86,79,40,79,f0,a4,40,a1,8f,2a,40,c3,29,c6,ba,de,35,90,86,04,02,01,01,01,01,01,03,01,02,00
06,eb,90,90,d0,03,03,7d,99,01,01,01,01,01,01,01,01,12,05,02,ff,be,7d,bd,86,ac,28,c0,3a,e7,28,41,1d,31,1e,01,01,06,eb,90,78,d4,03,07,7d,81,eb,92,1d,09,01,05,80,01,ef,94,02,95,03,1c,e1,1e,3f,67,ae,2d,40,03,27,a7,40,43,87,0d,40,7e,35,76,40,9e,be,9f,40,c0,43,25,bd,28,cb,aa,87,04,04,01,01,01,01,01,03,01,02,00
06,eb,90,60,d8,03,03,7e,99,01,01,01,01,01,01,01,01,03,06,02,0f,bf,7e,bd,86,52,71,c0,43,f4,2a,41,1d,7f,86,01,01,06,eb,90,48,dc,03,07,7e,81,eb,92,1d,09,01,05,81,01,ef,96,02,97,03,1e,e2,1e,3f,8b,a5,87,40,04,ab,65,40,43,52,cd,40,80,b9,84,40,9d,2e,f9,40,bd,1c,b0,3d,9a,21,4d,88,04,06,01,01,01,01,01,03,01,02,00
06,eb,90,30,e0,03,03,7f,99,01,01,01,01,01,01,01,01,03,06,02,0f,bf,7f,3b,f9,3f,fe,c0,3a,a4,ec,41,1c,6c,65,01,01,06,eb,90,18,e4,03,07,7f,81,eb,92,1d,09,01,05,82,01,ef,96,02,97,03,1e,e3,1e,3f,83,d6,6d,3f,f4,6c,81,40,45,ab,88,40,7e,79,7e,40,9e,76,d2,40,bf,85,a6,bc,c1,cc,f4,89,04,08,01,01,01,01,01,03,01,02,00
03,eb,90,03,e8,03,03,80,99,01,01,01,01,01,01,01,01,12,07,02,01,c0,80,bd,1e,7f,c4,c0,3d,6d,6c,41,1d,28,a7,01,01,06,eb,90,e8,eb,03,07,80,81,eb,92,1d,09,01,05,83,01,ef,97,02,98,03,1f,e4,1e,3f,75,c4,a0,40,05,47,16,40,3f,b4,53,40,7a,e2,60,40,a3,1e,d0,40,be,7a,0d,3c,58,fc,f5,8a,04,0a,01,01,01,01,01,03,01,02,00
06,eb,90,d0,ef,03,03,81,99,01,01,01,01,01,01,01,01,12,07,02,01,c0,81,3d,ae,c1,5b,c0,43,62,74,41,1d,95,7f,01,01,06,eb,90,b8,f3,03,07,81,81,eb,92,1d,09,01,05,84,01,ef,99,02,9a,03,21,e5,1e,3f,89,93,d4,40,01,10,cd,40,41,c6,6b,40,7d,1f,f7,40,9e,d6,4a,40,c2,62,fb,3d,94,9a,dd,8b,04,0c,01,01,01,01,01,03,01,02,00
06,eb,90,a0,f7,03,03,82,99,01,01,01,01,01,01,01,01,12,08,02,02,c1,82,3d,3d,d0,6b,c0,45,28,fb,41,1c,19,25,01,01,06,eb,90,88,fb,03,07,82,81,eb,92,1d,09,01,05,85,01,ef,99,02,9a,03,21,e6,1e,3f,86,72,74,3f,fe,17,5e,40,42,9b,9b,40,7c,a3,e5,40,a0,57,9b,40,c1,6b,64,3d,18,f3,67,8c,04,0e,01,01,01,01,01,03,01,02,00
06,eb,90,70,ff,03,03,83,99,01,01,01,01,01,01,01,01,12,08,02,02,c1,83,bc,44,7c,b6,c0,42,13,5c,41,1c,e9,9f,01,01,06,eb,90,58,03,04,07,83,81,eb,92,1d,09,01,05,86,01,ef,9a,02,9b,03,22,e7,1e,3f,83,04,c2,3f,f3,db,98,40,41,f9,ae,40,80,bd,aa,40,a2,fa,0e,40,bf,64,0e,bb,d8,61,1b,8d,04,10,01,01,01,01,01,03,01,02,00
06,eb,90,40,07,04,03,84,99,01,01,01,01,01,01,01,01,12,09,02,03,c2,84,bd,c4,d3,e7,c0,39,dc,73,41,1b,f6,f5,01,01,06,eb,90,28,0b,04,07,84,81,eb,92,1d,09,01,05,87,01,ef,9c,02,9d,03,24,e8,1e,3f,80,9b,ba,40,02,a2,7c,40,42,0d,b3,40,7b,41,5d,40,9e,cb,f6,40,c2,53,66,bc,81,16,96,8e,04,12,01,01,01,01,01,03,01,02,00
06,eb,90,10,0f,04,03,85,99,01,01,01,01,01,01,01,01,12,09,02,03,c2,85,bd,89,e0,ad,c0,3b,1d,73,41,1d,df,f1,01,01,06,eb,90,f8,12,04,07,85,81,eb,92,1d,09,01,05,88,01,ef,9c,02,9d,03,24,e9,1e,3f,83,bf,df,3f,ff,e1,15,40,3c,37,17,40,80,08,9c,40,a2,fa,fa,40,bf,78,fd,bd,bf,4a,99,8f,04,14,01,01,01,01,01,03,01,02,00
06,eb,90,e0,16,04,03,86,99,01,01,01,01,01,01,01,01,10,0a,02,04,c3,86,3d,91,93,89,c0,40,92,48,41,1e,02,69,01,01,06,eb,90,c8,1a,04,07,86,81,eb,92,1d,09,01,05,89,01,ef,9d,02,9e,03,25,ea,1e,3f,6f,4a,aa,40,01,41,24,40,43,84,61,40,7d,d9,de,40,a2,93,f4,40,c2,52,c3,3d,20,ba,df,90,04,16,01,01,01,01,01,03,01,02,00
06,eb,90,b0,1e,04,03,87,99,01,01,01,01,01,01,01,01,12,0a,02,04,c3,87,bd,8d,5c,11,c0,42,80,1a,41,1d,8c,b9,01,01,06,eb,90,98,22,04,07,87,81,eb,92,1d,09,01,05,8a,01,ef,9f,02,a0,03,27,eb,1e,3f,82,5e,2b,3f,f5,32,15,40,3a,6c,8a,40,7e,d1,1e,40,a1,f9,11,40,bf,19,44,bc,0b,4c,b3,91,04,18,01,01,01,01,01,03,01,02,00
06,eb,90,80,26,04,03,88,99,01,01,01,01,01,01,01,01,12,0b,02,05,c4,88,3d,75,40,65,c0,42,8e,5c,41,1d,e5,a6,01,01,06,eb,90,68,2a,04,07,88,81,eb,92,1d,09,01,05,8b,01,ef,9f,02,a0,03,27,ec,1e,3f,80,72,80,3f,fe,8c,cf,40,3f,3d,46,40,82,74,60,40,9f,c5,d8,40,bf,df,aa,bd,25,78,78,92,04,1a,01,01,01,01,01,03,01,02,00
06,eb,90,50,2e,04,03,89,99,01,01,01,01,01,01,01,01,12,0b,02,05,c4,89,bd,13,53,5f,c0,3c,83,58,41,1c,a6,6b,01,01,06,eb,90,38,32,04,07,89,81,eb,92,1d,09,01,05,8c,01,ef,a0,02,a1,03,28,ed,1e,3f,7c,33,35,40,05,bf,bc,40,3b,a9,38,40,7b,63,60,40,a0,79,9e,40,be,88,c8,3d,bd,8b,60,93,04,1c,01,01,01,01,01,03,01,02,00
06,eb,90,20,36,04,03,8a,99,01,01,01,01,01,01,01,01,12,0c,02,06,c5,8a,3d,81,1f,af,c0,40,f1,27,41,1c,06,a5,01,01,06,eb,90,08,3a,04,07,8a,81,eb,92,1d,09,01,05,8d,01,ef,a2,02,a3,03,2a,ee,1e,3f,6e,83,d3,40,02,63,62,40,40,9a,9f,40,82,7b,cd,40,9d,07,22,40,bf,fe,31,3d,c8,c4,4c,94,04,1e,01,01,01,01,01,03,01,02,00
06,eb,90,f0,3d,04,03,8b,99,01,01,01,01,01,01,01,01,12,0c,02,06,c5,8b,bd,6d,d8,15,c0,3b,bf,3b,41,1b,71,b9,01,01,06,eb,90,d8,41,04,07,8b,81,eb,92,1d,09,01,05,8e,01,ef,a2,02,a3,03,2a,ef,1e,3f,82,ed,a2,40,04,16,59,40,3a,2c,99,40,80,63,5f,40,a1,9a,ff,40,c0,f1,43,3d,82,3c,c8,95,04,20,01,01,01,01,01,03,01,02,00
06,eb,90,c0,45,04,03,8c,99,01,01,01,01,01,01,01,01,12,0d,02,07,c6,8c,bb,d3,0a,7a,c0,41,38,8a,41,1e,4e,3c,01,01,06,eb,90,a8,49,04,07,8c,81,eb,92,1d,09,01,05,8f,01,ef,a3,02,a4,03,2b,f0,1e,3f,82,76,57,40,04,75,cc,40,40,55,b5,40,81,f8,4f,40,a0,95,a2,40,c0,c2,4b,bd,3f,83,d5,96,04,22,01,01,01,01,01,03,01,02,00
06,eb,90,90,4d,04,03,8d,99,01,01,01,01,01,01,01,01,12,0d,02,07,c6,8d,3d,86,90,b9,c0,3b,3c,aa,41,1d,20,f3,01,01,06,eb,90,78,51,04,07,8d,81,eb,92,1d,09,01,05,90,01,ef,a5,02,a6,03,2d,f1,1e,3f,88,2d,b5,3f,fe,6b,3e,40,43,4b,67,40,81,37,fc,40,9e,42,33,40,c2,7d,e2,3d,1a,5b,68,97,04,24,01,01,01,01,01,03,01,02,00
06,eb,90,60,55,04,03,8e,99,01,01,01,01,01,01,01,01,12,0e,02,08,c7,8e,3d,34,17,70,c0,3d,60,b2,41,1e,60,80,01,01,06,eb,90,48,59,04,07,8e,81,eb,92,1d,09,01,05,91,01,ef,a5,02,a6,03,2d,f2,1e,3f,8c,a8,eb,3f,fe,66,6c,40,3e,54,7f,40,7f,85,b2,40,9d,65,fe,40,be,60,66,3c,57,c7,68,98,04,26,01,01,01,01,01,03,01,02,00
06,eb,90,30,5d,04,03,8f,99,01,01,01,01,01,01,01,01,12,0e,02,08,c7,8f,bc,40,9c,88,c0,45,05,26,41,1b,bc,2b,01,01,06,eb,90,18,61,04,07,8f,81,eb,92,1d,09,01,05,92,01,ef,a6,02,a7,03,2e,f3,06,3f,75,9c,31,40,18,b3,61,40,42,c0,22,40,81,b2,24,40,9e,eb,bd,40,bd,09,4d,bd,82,6d,32,99,04,28,01,01,01,01,01,03,01,02,00
03,eb,90,03,65,04,03,90,99,01,01,01,01,01,01,01,01,0d,0f,02,09,c8,90,3d,9d,71,8f,c0,40,b8,05,41,1b,ab,cb,01,01,06,eb,90,e8,68,04,07,90,81,eb,92,1d,09,01,05,93,01,ef,a8,02,a9,03,30,f4,06,3f,73,81,b3,40,18,3e,04,40,45,0c,bb,40,81,bc,2f,40,9f,2d,6d,40,bd,3c,bf,3d,9a,be,6d,9a,04,2a,01,01,01,01,01,03,01,02,00
06,eb,90,d0,6c,04,03,91,99,01,01,01,01,01,01,01,01,12,0f,02,09,c8,91,3d,56,46,72,c0,3d,23,70,41,1c,f7,43,01,01,06,eb,90,b8,70,04,07,91,81,eb,92,1d,09,01,05,94,01,ef,a8,02,a9,03,30,f5,1e,3f,8a,69,be,40,02,13,a7,40,3f,54,d5,40,81,6d,7a,40,a3,2d,10,40,bf,2a,e4,bd,85,01,47,9b,04,2c,01,01,01,01,01,03,01,02,00
06,eb,90,a0,74,04,03,92,99,01,01,01,01,01,01,01,01,12,10,02,0a,c9,92,3c,f7,d1,d4,c0,3a,e5,af,41,1d,50,db,01,01,06,eb,90,88,78,04,07,92,81,eb,92,1d,09,01,05,95,01,ef,a9,02,aa,03,31,f6,1e,3f,83,f6,69,3f,f4,fb,c3,40,41,81,1b,40,7c,6d,3a,40,9e,c4,80,40,bf,ac,2d,bd,a7,35,44,9c,04,2e,01,01,01,01,01,03,01,02,00
06,eb,90,70,7c,04,03,93,99,01,01,01,01,01,01,01,01,12,10,02,0a,c9,93,3c,8b,d6,1b,c0,43,6b,8e,41,1b,39,79,01,01,06,eb,90,58,80,04,07,93,81,eb,92,1d,09,01,05,96,01,ef,ab,02,ac,03,33,f7,1e,3f,69,b6,f1,3f,fa,b8,2b,40,42,20,73,40,80,51,01,40,a0,cb,2b,40,be,ee,68,bd,c1,b8,a2,9d,04,30,01,01,01,01,01,03,01,02,00
06,eb,90,40,84,04,03,94,99,01,01,01,01,01,01,01,01,12,11,02,0b,ca,94,3d,43,9f,41,c0,43,5c,ba,41,1d,f5,9f,01,01,06,eb,90,28,88,04,07,94,81,eb,92,1d,09,01,05,97,01,ef,ab,02,ac,03,33,f8,1e,3f,7b,4b,16,40,02,60,73,40,40,dd,7f,40,82,56,cb,40,9f,8e,d5,40,bf,68,8a,bd,1d,19,e7,9e,04,32,01,01,01,01,01,03,01,02,00
06,eb,90,10,8c,04,03,95,99,01,01,01,01,01,01,01,01,12,11,02,0b,ca,95,bd,51,f7,11,c0,3e,2d,6f,41,1c,6a,38,01,01,06,eb,90,f8,8f,04,07,95,81,eb,92,1d,09,01,05,98,01,ef,ac,02,ad,03,34,f9,1e,3f,80,b3,ef,3f,f7,ed,c2,40,45,f6,06,40,82,85,7c,40,9d,b5,21,40,bf,f2,ec,3d,ca,f5,0f,9f,04,34,01,01,01,01,01,03,01,02,00
06,eb,90,e0,93,04,03,96,99,01,01,01,01,01,01,01,01,12,12,02,0c,cb,96,bd,ac,08,a6,c0,43,72,c6,41,1b,4e,29,01,01,06,eb,90,c8,97,04,07,96,81,eb,92,1d,09,01,05,99,01,ef,ae,02,af,03,36,fa,1e,3f,68,f8,d3,3f,fe,72,03,40,3f,13,b6,40,7b,e6,be,40,a0,cc,72,40,c0,5f,a1,3d,69,e3,81,a0,04,36,01,01,01,01,01,03,01,02,00
06,eb,90,b0,9b,04,03,97,99,01,01,01,01,01,01,01,01,12,12,02,0c,cb,97,bd,08,c6,99,c0,3a,fa,d8,41,1c,f0,f7,01,01,06,eb,90,98,9f,04,07,97,81,eb,92,1d,09,01,05,9a,01,ef,ae,02,af,03,36,fb,1e,3f,84,12,ba,3f,f7,25,40,40,45,75,ba,40,7f,7c,8e,40,a0,38,62,40,be,2d,8e,bd,58,43,8c,a1,04,38,01,01,01,01,01,03,01,02,00
06,eb,90,80,a3,04,03,98,99,01,01,01,01,01,01,01,01,12,13,02,0d,cc,98,3d,63,3e,28,c0,3c,0f,1b,41,1b,56,6d,01,01,06,eb,90,68,a7,04,07,98,81,eb,92,1d,09,01,05,9b,01,ef,af,02,b0,03,37,fc,06,3f,84,57,74,40,18,8e,ca,40,3b,c2,a1,40,80,79,c9,40,a0,08,b3,40,c3,1c,2a,3d,2e,ae,78,a2,04,3a,01,01,01,01,01,03,01,02,00
06,eb,90,50,ab,04,03,99,99,01,01,01,01,01,01,01,01,12,13,02,0d,cc,99,3d,a7,78,65,c0,43,b3,1b,41,1c,1b,90,01,01,06,eb,90,38,af,04,07,99,81,eb,92,1d,09,01,05,9c,01,ef,b1,02,b2,03,39,fd,1e,3f,80,ec,db,40,01,ab,b2,40,3f,31,97,40,7b,ae,04,40,a1,4a,da,40,c0,3f,ce,3d,a4,c8,eb,a3,04,3c,01,01,01,01,01,03,01,02,00
06,eb,90,20,b3,04,03,9a,99,01,01,01,01,01,01,01,01,12,14,02,0e,cd,9a,3d,7b,1c,ca,c0,39,a8,16,41,1d,d2,58,01,01,06,eb,90,08,b7,04,07,9a,81,eb,92,1d,09,01,05,9d,01,ef,b1,02,b2,03,39,fe,1e,3f,6a,b9,62,3f,f5,1f,aa,40,43,4c,25,40,81,f7,69,40,a0,2d,ed,40,bd,65,36,bc,25,c4,b7,a4,04,3e,01,01,01,01,01,03,01,02,00
06,eb,90,f0,ba,04,03,9b,99,01,01,01,01,01,01,01,01,12,14,02,0e,cd,9b,bd,0a,10,e4,c0,40,7e,d0,41,1b,3c,af,01,01,06,eb,90,d8,be,04,07,9b,81,eb,92,1d,09,01,05,9e,01,ef,b2,02,b3,03,3a,ff,1a,3f,82,e8,5c,3f,fa,45,30,40,42,82,5f,40,7f,43,aa,40,a1,8b,86,40,c1,55,80,bd,04,94,22,a5,04,40,01,01,01,01,01,03,01,02,00
06,eb,90,c0,c2,04,03,9c,99,01,01,01,01,01,01,01,01,12,15,02,0f,ce,9c,bb,f8,30,44,c0,44,48,1e,41,1b,77,89,01,01,06,eb,90,a8,c6,04,07,9c,81,eb,92,1d,09,01,05,9f,01,ef,b4,02,b5,02,3c,1f,01,3f,86,a7,23,40,02,7e,15,40,42,cd,0e,40,7f,2a,be,40,a1,d3,47,40,c2,8c,d4,bd,68,3c,16,a6,04,42,01,01,01,01,01,03,01,02,00
06,eb,90,90,ca,04,03,9d,99,01,01,01,01,01,01,01,01,12,15,02,0f,ce,9d,3c,ea,25,f8,c0,45,1f,a9,41,1c,42,20,01,01,06,eb,90,78,ce,04,07,9d,81,eb,92,1d,09,01,05,a0,01,ef,b4,02,b5,21,3c,01,01,3f,81,94,f6,3f,f9,15,5f,40,46,2c,bc,40,80,bf,55,40,9f,bc,ae,40,bc,f7,15,bb,37,d2,c7,a7,04,44,01,01,01,01,01,03,01,02,00
06,eb,90,60,d2,04,03,9e,99,01,01,01,01,01,01,01,01,12,16,02,10,cf,9e,bc,53,02,d9,c0,3b,37,3f,41,1d,95,34,01,01,06,eb,90,48,d6,04,07,9e,81,eb,92,1d,09,01,05,a1,01,ef,b5,02,b6,21,3d,02,01,3f,8c,01,f9,40,04,cf,d4,40,42,d1,66,40,7d,41,e8,40,9e,bd,9a,40,c0,48,90,3d,a0,9c,84,a8,04,46,01,01,01,01,01,03,01,02,00
06,eb,90,30,da,04,03,9f,99,01,01,01,01,01,01,01,01,12,16,02,10,cf,9f,bc,81,54,60,c0,42,02,d4,41,1d,f2,4a,01,01,06,eb,90,18,de,04,07,9f,81,eb,92,1d,09,01,05,a2,01,ef,b7,02,b8,21,3f,03,01,3f,83,4d,52,40,04,19,66,40,45,96,6c,40,7a,1a,66,40,9d,14,cd,40,bd,29,29,bd,b1,55,98,a9,04,48,01,01,01,01,01,03,01,02,00
03,eb,90,03,e2,04,03,a0,99,01,01,01,01,01,01,01,01,12,17,02,11,d0,a0,3c,c0,83,dc,c0,43,4a,d6,41,1c,a9,3b,01,01,06,eb,90,e8,e5,04,07,a0,81,eb,92,1d,09,01,05,a3,01,ef,b7,02,b8,21,3f,04,01,3f,75,5d,c1,40,06,5e,de,40,40,d1,6b,40,80,e1,5e,40,a0,21,3e,40,c1,c1,57,3d,b0,3f,4e,aa,04,4a,01,01,01,01,01,03,01,02,00
06,eb,90,d0,e9,04,03,a1,99,01,01,01,01,01,01,01,01,12,17,02,11,d0,a1,3d,79,c5,d9,c0,3d,6a,7b,41,1c,d9,91,01,01,06,eb,90,b8,ed,04,07,a1,81,eb,92,1d,09,01,05,a4,01,ef,b8,02,b9,21,40,05,01,3f,85,e6,45,3f,f7,6b,bf,40,3e,7e,ef,40,80,0c,74,40,a1,3b,7c,40,bd,9b,0c,bd,bf,9c,a8,ab,04,4c,01,01,01,01,01,03,01,02,00
06,eb,90,a0,f1,04,03,a2,99,01,01,01,01,01,01,01,01,12,18,02,12,d1,a2,3d,9e,dc,fd,c0,40,85,35,41,1b,b7,96,01,01,06,eb,90,88,f5,04,07,a2,81,eb,92,1d,09,01,05,a5,01,ef,ba,02,bb,21,42,06,01,3f,87,01,0d,3f,fc,7f,d0,40,3e,6f,14,40,81,9e,d0,40,9e,83,1a,40,c1,8e,32,3d,c1,8c,4d,ac,04,4e,01,01,01,01,01,03,01,02,00
06,eb,90,70,f9,04,03,a3,99,01,01,01,01,01,01,01,01,12,18,02,12,d1,a3,bd,b2,63,6b,c0,40,e5,cf,41,1e,18,70,01,01,06,eb,90,58,fd,04,07,a3,81,eb,92,1d,09,01,05,a6,01,ef,ba,02,bb,0b,42,07,01,3f,80,bf,e9,40,02,d1,16,40,42,bb,c9,40,81,e5,e0,40,a0,d8,ab,40,c1,42,bf,3a,f1,37,9f,ad,04,50,01,01,01,01,01,03,01,02,00
06,eb,90,40,01,05,03,a4,99,01,01,01,01,01,01,01,01,12,19,02,13,d2,a4,ba,da,7c,54,c0,3e,6b,8d,41,1e,22,ae,01,01,06,eb,90,28,05,05,07,a4,81,eb,92,1d,09,01,05,a7,01,ef,bb,02,bc,09,43,08,01,3f,82,6d,35,40,18,69,8a,40,3a,74,dd,40,79,e1,d0,40,a0,8c,eb,40,bd,44,8f,3d,a7,12,a7,ae,04,52,01,01,01,01,01,03,01,02,00
06,eb,90,10,09,05,03,a5,99,01,01,01,01,01,01,01,01,12,19,02,13,d2,a5,3d,21,22,a2,c0,3c,a5,13,41,1c,a4,71,01,01,06,eb,90,f8,0c,05,07,a5,81,eb,92,1d,09,01,05,a8,01,ef,bd,02,be,21,45,09,01,3f,84,68,d9,3f,f7,ce,56,40,3b,ab,af,40,7b,7f,ac,40,9d,65,73,40,c2,42,1a,bc,df,82,df,af,04,54,01,01,01,01,01,03,01,02,00
06,eb,90,e0,10,05,03,a6,99,01,01,01,01,01,01,01,01,12,1a,02,14,d3,a6,3d,90,a0,c5,c0,43,d6,0e,41,1c,c4,59,01,01,06,eb,90,c8,14,05,07,a6,81,eb,92,1d,09,01,05,a9,01,ef,bd,02,be,21,45,0a,01,3f,7a,35,d5,3f,fa,0a,aa,40,3d,9c,67,40,7a,5c,26,40,a1,8c,a0,40,be,7b,cc,bd,72,ed,c0,b0,04,56,01,01,01,01,01,03,01,02,00
06,eb,90,b0,18,05,03,a7,99,01,01,01,01,01,01,01,01,12,1a,02,14,d3,a7,3c,16,9b,57,c0,3d,c1,4b,41,1b,df,c5,01,01,06,eb,90,98,1c,05,07,a7,81,eb,92,1d,09,01,05,aa,01,ef,be,02,bf,09,46,0b,01,3f,77,04,d2,40,18,f7,7e,40,3e,e9,d0,40,82,a4,96,40,a2,eb,45,40,c2,f4,c1,bd,8b,29,8e,b1,04,58,01,01,01,01,01,03,01,02,00
06,eb,90,80,20,05,03,a8,99,01,01,01,01,01,01,01,01,12,1b,02,15,d4,a8,bd,9a,58,a9,c0,43,d6,bf,41,1c,72,1a,01,01,06,eb,90,68,24,05,07,a8,81,eb,92,1d,09,01,05,ab,01,ef,c0,02,c1,09,48,0c,01,3f,88,4f,8c,40,18,b5,5a,40,3e,48,16,40,82,27,9f,40,a2,01,50,40,bd,5c,2f,3d,81,50,8b,b2,04,5a,01,01,01,01,01,03,01,02,00
06,eb,90,50,28,05,03,a9,99,01,01,01,01,01,01,01,01,12,1b,02,15,d4,a9,bd,18,ad,e3,c0,3e,66,60,41,1c,cb,d8,01,01,06,eb,90,38,2c,05,07,a9,81,eb,92,1d,09,01,05,ac,01,ef,c0,02,c1,21,48,0d,01,3f,6b,4f,34,3f,f4,7a,82,40,3b,c4,b1,40,80,2c,08,40,a2,18,e2,40,bd,0a,e9,bc,ae,4d,54,b3,04,5c,01,01,01,01,01,03,01,02,00
06,eb,90,20,30,05,03,aa,99,01,01,01,01,01,01,01,01,12,1c,02,16,d5,aa,3d,3d,59,a5,c0,44,68,85,41,1d,42,88,01,01,06,eb,90,08,34,05,07,aa,81,eb,92,1d,09,01,05,ad,01,ef,c1,02,c2,21,49,0e,01,3f,71,b6,28,40,05,4e,f0,40,44,85,75,40,81,77,50,40,a2,41,32,40,bd,e0,5c,bc,c7,33,6e,b4,04,5e,01,01,01,01,01,03,01,02,00
06,eb,90,f0,37,05,03,ab,99,01,01,01,01,01,01,01,01,12,1c,02,16,d5,ab,bd,c7,14,57,c0,3e,ed,52,41,1e,10,8c,01,01,06,eb,90,d8,3b,05,07,ab,81,eb,92,1d,09,01,05,ae,01,ef,c3,02,c4,21,4b,0f,01,3f,86,04,8b,3f,f5,e5,82,40,3b,f0,b9,40,7a,6a,6f,40,9e,e3,1a,40,bd,5c,f2,bd,a2,c2,bf,b5,04,60,01,01,01,01,01,03,01,02,00
06,eb,90,c0,3f,05,03,ac,99,01,01,01,01,01,01,01,01,12,1d,02,17,d6,ac,bc,89,35,af,c0,44,a2,f1,41,1c,7e,ea,01,01,06,eb,90,a8,43,05,07,ac,81,eb,92,1d,09,01,05,af,01,ef,c3,02,c4,21,4b,10,01,3f,70,11,87,3f,fd,94,50,40,45,05,89,40,80,e2,4a,40,a0,8b,09,40,bf,cc,f6,bd,b6,48,e9,b6,04,62,01,01,01,01,01,03,01,02,00
06,eb,90,90,47,05,03,ad,99,01,01,01,01,01,01,01,01,12,1d,02,17,d6,ad,3d,98,0b,a6,c0,3b,2c,85,41,1d,c8,58,01,01,06,eb,90,78,4b,05,07,ad,81,eb,92,1d,09,01,05,b0,01,ef,c4,02,c5,21,4c,11,01,3f,81,13,5d,3f,f5,f3,b4,40,39,eb,b9,40,80,65,17,40,9e,8d,c0,40,c2,3d,07,bd,68,45,62,b7,04,64,01,01,01,01,01,03,01,02,00
06,eb,90,60,4f,05,03,ae,99,01,01,01,01,01,01,01,01,12,1e,02,18,d7,ae,3d,4e,e3,93,c0,43,9e,fe,41,1b,98,65,01,01,06,eb,90,48,53,05,07,ae,81,eb,92,1d,09,01,05,b1,01,ef,c6,02,c7,21,4e,12,01,3f,86,aa,3e,3f,f8,46,c7,40,45,92,52,40,7b,31,8d,40,a2,f0,3f,40,be,1d,a0,3d,97,d8,02,b8,04,66,01,01,01,01,01,03,01,02,00
06,eb,90,30,57,05,03,af,99,01,01,01,01,01,01,01,01,12,1e,02,18,d7,af,3d,a4,b8,77,c0,43,6d,d3,41,1d,1e,58,01,01,06,eb,90,18,5b,05,07,af,81,eb,92,1d,09,01,05,b2,01,ef,c6,02,c7,21,4e,13,01,3f,6e,2a,c1,40,02,79,e7,40,3f,eb,10,40,80,cf,ce,40,9d,51,34,40,be,d4,43,3c,a3,43,93,b9,04,68,01,01,01,01,01,03,01,02,00
03,eb,90,03,5f,05,03,b0,99,01,01,01,01,01,01,01,01,12,1f,02,19,d8,b0,3d,bc,a2,90,c0,3c,c5,a3,41,1c,14,4b,01,01,06,eb,90,e8,62,05,07,b0,81,eb,92,1d,09,01,05,b3,01,ef,c7,02,c8,21,4f,14,01,3f,78,bb,6b,40,02,59,e2,40,40,90,da,40,81,7d,a1,40,9e,fb,03,40,bd,5d,f3,bd,83,14,dd,ba,04,6a,01,01,01,01,01,03,01,02,00
06,eb,90,d0,66,05,03,b1,99,01,01,01,01,01,01,01,01,12,1f,02,19,d8,b1,3d,c5,4a,95,c0,3a,24,05,41,1d,0d,63,01,01,06,eb,90,b8,6a,05,07,b1,81,eb,92,1d,09,01,05,b4,01,ef,c9,02,ca,21,51,15,01,3f,6c,93,59,3f,fc,63,82,40,3c,89,75,40,7f,4f,de,40,a1,4b,c9,40,c1,78,02,bd,31,bb,3e,bb,04,6c,01,01,01,01,01,03,01,02,00
06,eb,90,a0,6e,05,03,b2,99,01,01,01,01,01,01,01,01,12,20,02,1a,d9,b2,bd,bb,6f,d1,c0,44,cb,54,41,1b,8a,c6,01,01,06,eb,90,88,72,05,07,b2,81,eb,92,1d,09,01,05,b5,01,ef,c9,02,ca,21,51,16,01,3f,7a,0c,c8,40,03,c0,74,40,45,dd,55,40,7f,90,db,40,a2,20,ff,40,c2,5a,67,bd,92,fb,64,bc,04,6e,01,01,01,01,01,03,01,02,00
06,eb,90,70,76,05,03,b3,99,01,01,01,01,01,01,01,01,12,20,02,1a,d9,b3,bd,8e,24,a5,c0,43,76,22,41,1e,4d,66,01,01,06,eb,90,58,7a,05,07,b3,81,eb,92,1d,09,01,05,b6,01,ef,ca,02,cb,21,52,17,01,3f,74,e2,eb,3f,fb,26,92,40,46,14,83,40,80,70,65,40,9d,fd,fd,40,bd,ba,b4,3d,87,f3,4a,bd,04,70,01,01,01,01,01,03,01,02,00
06,eb,90,40,7e,05,03,b4,99,01,01,01,01,01,01,01,01,08,21,02,1b,da,b4,bd,29,0a,0e,c0,3d,f1,c8,41,1c,cc,ec,01,01,06,eb,90,28,82,05,07,b4,81,eb,92,1d,09,01,05,b7,01,ef,cc,02,cd,21,54,18,01,3f,86,86,be,40,02,e1,2d,40,45,3a,d6,40,80,c3,38,40,9e,13,1e,40,c0,77,66,3d,a0,7d,9a,be,04,72,01,01,01,01,01,03,01,02,00
06,eb,90,10,86,05,03,b5,99,01,01,01,01,01,01,01,01,12,21,02,1b,da,b5,bc,f9,6e,3a,c0,3c,75,63,41,1b,ae,0b,01,01,06,eb,90,f8,89,05,07,b5,81,eb,92,1d,09,01,05,b8,01,ef,cc,02,cd,13,54,19,01,3f,6b,a3,c4,40,03,9d,21,40,3b,1f,90,40,79,a8,0e,40,9f,25,a9,40,bf,df,a2,bd,b8,79,67,bf,04,74,01,01,01,01,01,03,01,02,00
06,eb,90,e0,8d,05,03,b6,99,01,01,01,01,01,01,01,01,12,22,02,1c,db,b6,bc,f9,2d,57,c0,3c,2d,76,41,1c,4c,13,01,01,06,eb,90,c8,91,05,07,b6,81,eb,92,1d,09,01,05,b9,01,ef,cd,02,ce,21,55,1a,01,3f,68,36,78,3f,fd,5b,8c,40,3a,66,1f,40,81,c9,3e,40,9e,68,a4,40,c0,34,1c,bd,03,56,74,c0,04,76,01,01,01,01,01,03,01,02,00
06,eb,90,b0,95,05,03,b7,99,01,01,01,01,01,01,01,01,12,22,02,1c,db,b7,3d,6c,cb,ea,c0,3b,b6,ce,41,1e,0b,be,01,01,06,eb,90,98,99,05,07,b7,81,eb,92,1d,09,01,05,ba,01,ef,cf,02,d0,21,57,1b,01,3f,82,43,13,40,03,18,11,40,43,1c,67,40,80,d8,8c,40,9f,87,59,40,c2,84,92,3c,70,d1,1a,c1,04,78,01,01,01,01,01,03,01,02,00
06,eb,90,80,9d,05,03,b8,99,01,01,01,01,01,01,01,01,12,23,02,1d,dc,b8,bb,e4,bb,0c,c0,3b,28,f9,41,1d,b5,c9,01,01,06,eb,90,68,a1,05,07,b8,81,eb,92,1d,09,01,05,bb,01,ef,cf,02,d0,21,57,1c,01,3f,87,ca,48,3f,f4,cc,82,40,3b,57,29,40,7f,be,0b,40,a1,fc,02,40,bf,28,a6,bc,d9,a8,f4,c2,04,7a,01,01,01,01,01,03,01,02,00
06,eb,90,50,a5,05,03,b9,99,01,01,01,01,01,01,01,01,12,23,02,1d,dc,b9,bd,70,59,0e,c0,44,8f,66,41,1d,7b,1b,01,01,06,eb,90,38,a9,05,07,b9,81,eb,92,1d,09,01,05,bc,01,ef,d0,02,d1,21,58,1d,01,3f,82,6c,9d,40,03,aa,c8,40,40,eb,67,40,7a,6d,f0,40,9e,e1,9a,40,c0,e6,fa,3d,c7,ad,cd,c3,04,7c,01,01,01,01,01,03,01,02,00
06,eb,90,20,ad,05,03,ba,99,01,01,01,01,01,01,01,01,12,24,02,1e,dd,ba,3d,86,7c,5a,c0,43,13,9f,41,1e,5f,09,01,01,06,eb,90,08,b1,05,07,ba,81,eb,92,1d,09,01,05,bd,01,ef,d2,02,d3,21,5a,1e,01,3f,68,31,0d,3f,fb,d5,4f,40,3e,68,80,40,7c,c8,7c,40,9e,10,e8,40,be,9c,9a,3d,60,29,93,c4,04,7e,01,01,01,01,01,03,01,02,00
06,eb,90,f0,b4,05,03,bb,99,01,01,01,01,01,01,01,01,12,24,02,1e,dd,bb,3d,5f,50,9e,c0,3e,3b,cb,41,1b,ef,c5,01,01,06,eb,90,d8,b8,05,07,bb,81,eb,92,1d,09,01,05,be,01,ef,d2,02,d3,21,5a,1f,01,3f,85,75,20,40,03,ee,af,40,3a,c3,0a,40,7b,13,36,40,9d,44,59,40,be,65,e3,3c,8e,aa,18,c5,04,80,01,01,01,01,01,03,01,02,00
06,eb,90,c0,bc,05,03,bc,99,01,01,01,01,01,01,01,01,12,25,02,1f,de,bc,3d,ae,b9,ae,c0,3f,f8,53,41,1c,4b,6a,01,01,06,eb,90,a8,c0,05,07,bc,81,eb,92,1d,09,01,05,bf,01,ef,d3,02,d4,21,5b,20,01,3f,66,f4,e2,40,06,2c,bc,40,3b,5f,a7,40,80,a4,5b,40,a0,8e,e0,40,c0,82,b9,bd,4f,40,b3,c6,04,82,01,01,01,01,01,03,01,02,00
06,eb,90,90,c4,05,03,bd,99,01,01,01,01,01,01,01,01,12,25,02,1f,de,bd,bd,94,2a,c3,c0,3e,b3,81,41,1c,28,b3,01,01,06,eb,90,78,c8,05,07,bd,81,eb,92,1d,09,01,05,c0,01,ef,d5,02,d6,21,5d,21,01,3f,87,04,69,3f,f5,aa,cf,40,40,61,f8,40,7c,88,ed,40,a2,99,bc,40,bc,e6,b5,bd,92,7f,6e,c7,04,84,01,01,01,01,01,03,01,02,00
06,eb,90,60,cc,05,03,be,99,01,01,01,01,01,01,01,01,12,26,02,20,df,be,bb,51,1a,7d,c0,44,1e,ed,41,1b,e1,38,01,01,06,eb,90,48,d0,05,07,be,81,eb,92,1d,09,01,05,c1,01,ef,d5,02,d6,21,5d,22,01,3f,85,d8,4d,3f,fa,dd,38,40,3c,e2,d5,40,7f,44,3a,40,9f,e5,89,40,bd,fa,4e,bd,85,49,a0,c8,04,86,01,01,01,01,01,03,01,02,00
06,eb,90,30,d4,05,03,bf,99,01,01,01,01,01,01,01,01,12,26,02,20,df,bf,3d,73,06,52,c0,44,44,47,41,1c,b9,65,01,01,06,eb,90,18,d8,05,07,bf,81,eb,92,1d,09,01,05,c2,01,ef,d6,02,d7,21,5e,23,01,3f,72,78,10,3f,f3,7a,54,40,42,f5,21,40,7a,a7,59,40,a0,7d,29,40,c0,bf,61,3c,b6,38,15,c9,04,88,01,01,01,01,01,03,01,02,00
03,eb,90,03,dc,05,03,c0,99,01,01,01,01,01,01,01,01,12,27,02,21,e0,c0,bc,06,d0,27,c0,3d,49,db,41,1b,9f,40,01,01,06,eb,90,e8,df,05,07,c0,81,eb,92,1d,09,01,05,c3,01,ef,d8,02,d9,21,60,24,01,3f,78,a6,86,3f,f7,a8,91,40,44,f8,c4,40,7b,2a,bd,40,a0,6b,8b,40,be,7b,43,3d,a1,1d,c4,ca,04,8a,01,01,01,01,01,03,01,02,00
06,eb,90,d0,e3,05,03,c1,99,01,01,01,01,01,01,01,01,12,27,02,21,e0,c1,bd,be,8d,1d,c0,44,bc,56,41,1c,9c,6b,01,01,06,eb,90,b8,e7,05,07,c1,81,eb,92,1d,09,01,05,c4,01,ef,d8,02,d9,21,60,25,01,3f,87,d8,e8,3f,f8,0f,f5,40,3a,45,86,40,81,73,5d,40,a1,e0,e4,40,c0,ad,81,bc,98,40,ef,cb,04,8c,01,01,01,01,01,03,01,02,00
06,eb,90,a0,eb,05,03,c2,99,01,01,01,01,01,01,01,01,12,28,02,22,e1,c2,bd,bc,39,6f,c0,45,3e,98,41,1c,f3,d0,01,01,06,eb,90,88,ef,05,07,c2,81,eb,92,1d,09,01,05,c5,01,ef,d9,02,da,21,61,26,01,3f,81,ef,ca,40,02,b8,cc,40,3e,32,2c,40,7f,9b,61,40,a1,5e,aa,40,bd,2b,85,3c,8b,ad,44,cc,04,8e,01,01,01,01,01,03,01,02,00
06,eb,90,70,f3,05,03,c3,99,01,01,01,01,01,01,01,01,12,28,02,22,e1,c3,bb,d0,a0,56,c0,43,78,37,41,1c,54,dd,01,01,06,eb,90,58,f7,05,07,c3,81,eb,92,1d,09,01,05,c6,01,ef,db,02,dc,21,63,27,01,3f,86,62,1f,3f,f7,9e,cf,40,41,93,b1,40,83,19,de,40,9e,76,b7,40,c2,f0,6a,bd,a3,41,2b,cd,04,90,01,01,01,01,01,03,01,02,00
06,eb,90,40,fb,05,03,c4,99,01,01,01,01,01,01,01,01,12,29,02,23,e2,c4,3d,72,4e,03,c0,44,62,20,41,1d,1f,8b,01,01,06,eb,90,28,ff,05,07,c4,81,eb,92,1d,09,01,05,c7,01,ef,db,02,dc,21,63,28,01,3f,74,d6,21,40,05,39,e9,40,3d,f1,c3,40,7e,c0,d7,40,9f,a5,9a,40,c0,cb,35,3b,69,99,40,ce,04,92,01,01,01,01,01,03,01,02,00
06,eb,90,10,03,06,03,c5,99,01,01,01,01,01,01,01,01,12,29,02,23,e2,c5,3d,c0,9a,5e,c0,42,02,c7,41,1d,bb,29,01,01,06,eb,90,f8,06,06,07,c5,81,eb,92,1d,09,01,05,c8,01,ef,dc,02,dd,21,64,29,01,3f,7b,0b,76,40,03,73,d2,40,3a,10,93,40,80,51,1f,40,9d,1a,74,40,bf,ba,fb,bd,9a,4c,fe,cf,04,94,01,01,01,01,01,03,01,02,00
06,eb,90,e0,0a,06,03,c6,99,01,01,01,01,01,01,01,01,12,2a,02,24,e3,c6,3d,4f,79,2e,c0,46,38,ff,41,1e,32,ed,01,01,06,eb,90,c8,0e,06,07,c6,81,eb,92,1d,09,01,05,c9,01,ef,de,02,df,21,66,2a,01,3f,6e,cf,5c,3f,f4,63,e5,40,45,5d,9a,40,81,26,cb,40,9d,bb,0b,40,c2,54,e4,3d,9e,dd,ef,d0,04,96,01,01,01,01,01,03,01,02,00
06,eb,90,b0,12,06,03,c7,99,01,01,01,01,01,01,01,01,12,2a,02,24,e3,c7,3d,94,88,1f,c0,3a,6b,f6,41,1d,c3,1e,01,01,06,eb,90,98,16,06,07,c7,81,eb,92,1d,09,01,05,ca,01,ef,de,02,df,21,66,2b,01,3f,89,b9,60,40,04,eb,02,40,3b,24,d3,40,82,ea,fc,40,a1,fb,e2,40,be,7a,31,3c,88,a9,28,d1,04,98,01,01,01,01,01,03,01,02,00
06,eb,90,80,1a,06,03,c8,99,01,01,01,01,01,01,01,01,12,2b,02,25,e4,c8,bc,b3,99,77,c0,3b,93,2d,41,1b,68,aa,01,01,06,eb,90,68,1e,06,07,c8,81,eb,92,1d,09,01,05,cb,01,ef,df,02,e0,21,67,2c,01,3f,69,b0,fa,3f,ff,5e,6a,40,41,e2,d4,40,7e,09,eb,40,9d,da,8a,40,be,1e,d3,3d,02,77,65,d2,04,9a,01,01,01,01,01,03,01,02,00