235 , 144 , 2000 , 1 , 153 , 0 , 0 , 0 , 0 , 0 , 0 , 0 , 0 , 0 , 455 , 193 , 128 , 1 , 0.09979448575324054 , -2.9916436950523155 , 9.743557564713575 , 1 , 0 , 0 , 235 , 144 , 3000 , 1 , 129 , 235 , 146 , 2333 , 4 , 1 , 239 , 24 , 25 , 160 , 101 , 0.9796243423279545 , 1.9602176250288414 , 2.923357775704987 , 4.072652182200838 , 5.020078324805733 , 5.965902347398336 , -0.06190022616603166 , 11 , 12 , 0 , 0 , 0 , 0 , 0 , 1 , 2
235 , 144 , 4000 , 2 , 153 , 0 , 0 , 0 , 0 , 0 , 0 , 0 , 0 , 0 , 456 , 194 , 129 , 2 , 0.006264939866804806 , -3.0053366117807805 , 9.77392139829042 , 1 , 0 , 0 , 235 , 144 , 5000 , 2 , 129 , 235 , 146 , 2333 , 5 , 1 , 239 , 25 , 26 , 161 , 102 , 1.0150953076788705 , 1.9054792890888277 , 3.0389761974021967 , 3.9762987789058615 , 5.056572674220084 , 5.990950845227543 , -0.01215581759925577 , 12 , 14 , 0 , 0 , 0 , 0 , 0 , 1 , 2
235 , 144 , 6000 , 3 , 153 , 0 , 0 , 0 , 0 , 0 , 0 , 0 , 0 , 0 , 456 , 194 , 129 , 3 , 0.05108774696955967 , -3.087443252682585 , 9.706748847774376 , 1 , 0 , 0 , 235 , 144 , 7000 , 3 , 129 , 235 , 146 , 2333 , 6 , 1 , 239 , 27 , 28 , 163 , 103 , 0.9644825446285772 , 2.035898133638425 , 2.9161643482451307 , 3.9126034793154947 , 5.078272946128425 , 5.993992747118177 , 0.08943535485708135 , 13 , 16 , 0 , 0 , 0 , 0 , 0 , 1 , 2
235 , 144 , 8000 , 4 , 153 , 0 , 0 , 0 , 0 , 0 , 0 , 0 , 0 , 0 , 457 , 195 , 130 , 4 , 0.08189780504359598 , -2.9646464550420895 , 9.845051785527806 , 1 , 0 , 0 , 235 , 144 , 9000 , 4 , 129 , 235 , 146 , 2333 , 7 , 1 , 239 , 27 , 28 , 163 , 104 , 1.0317682659309797 , 1.9916259986445013 , 2.994468758093029 , 4.032384314204434 , 4.923779783006795 , 6.061590225269589 , -0.08169837224307373 , 14 , 18 , 0 , 0 , 0 , 0 , 0 , 1 , 2
235 , 144 , 10000 , 5 , 153 , 0 , 0 , 0 , 0 , 0 , 0 , 0 , 0 , 0 , 457 , 195 , 130 , 5 , 0.09672637057423583 , -3.0855619873521816 , 9.812857481107478 , 1 , 0 , 0 , 235 , 144 , 11000 , 5 , 129 , 235 , 146 , 2333 , 8 , 1 , 239 , 28 , 29 , 164 , 105 , 1.0810909699932123 , 2.096216291633754 , 3.0405751299411636 , 3.961596806952532 , 4.970166984330985 , 5.989663450012863 , 0.09440201889852193 , 15 , 20 , 0 , 0 , 0 , 0 , 0 , 1 , 2
235 , 144 , 12000 , 6 , 153 , 0 , 0 , 0 , 0 , 0 , 0 , 0 , 0 , 0 , 458 , 196 , 131 , 6 , -0.04409390314335 , -2.957572898829495 , 9.816172708664087 , 1 , 0 , 0 , 235 , 144 , 13000 , 6 , 129 , 235 , 146 , 2333 , 9 , 1 , 239 , 30 , 31 , 166 , 106 , 1.0686026847856922 , 2.07681600941061 , 3.051819958138034 , 3.9794284232245065 , 4.997165056182229 , 5.930410768364677 , -0.03381589403924794 , 16 , 22 , 0 , 0 , 0 , 0 , 0 , 1 , 2
235 , 144 , 14000 , 7 , 153 , 0 , 0 , 0 , 0 , 0 , 0 , 0 , 0 , 0 , 458 , 196 , 131 , 7 , -0.017123809010160723 , -3.00023271525603 , 9.85310687133892 , 1 , 0 , 0 , 235 , 144 , 15000 , 7 , 129 , 235 , 146 , 2333 , 10 , 1 , 239 , 30 , 31 , 166 , 107 , 0.942983758899956 , 1.992803266945858 , 3.087705001349596 , 4.029041385847201 , 5.037411351687217 , 5.933635708085666 , 0.053161619873831334 , 17 , 24 , 0 , 0 , 0 , 0 , 0 , 1 , 2
235 , 144 , 16000 , 8 , 153 , 0 , 0 , 0 , 0 , 0 , 0 , 0 , 0 , 0 , 459 , 197 , 132 , 8 , -0.04536325708145157 , -3.0815124120698014 , 9.713002811829934 , 1 , 0 , 0 , 235 , 144 , 17000 , 8 , 129 , 235 , 146 , 2333 , 11 , 1 , 239 , 31 , 32 , 167 , 108 , 0.9983959151923615 , 2.000834051549413 , 2.99502581160622 , 4.0178338305257775 , 4.9493006953047525 , 5.907634816541231 , 0.05871601497481177 , 18 , 26 , 0 , 0 , 0 , 0 , 0 , 1 , 2
235 , 144 , 18000 , 9 , 153 , 0 , 0 , 0 , 0 , 0 , 0 , 0 , 0 , 0 , 459 , 197 , 132 , 9 , -0.02632807302274945 , -2.932179542127781 , 9.770080880483846 , 1 , 0 , 0 , 235 , 144 , 19000 , 9 , 129 , 235 , 146 , 2333 , 12 , 1 , 239 , 33 , 34 , 169 , 109 , 0.9652629952305253 , 1.9304899255767494 , 2.9438398253684688 , 4.0980485893023335 , 5.094819633839425 , 6.086422708864968 , 0.009794334362407703 , 19 , 28 , 0 , 0 , 0 , 0 , 0 , 1 , 2
235 , 144 , 20000 , 10 , 153 , 0 , 0 , 0 , 0 , 0 , 0 , 0 , 0 , 0 , 460 , 198 , 133 , 10 , 0.0901360795947205 , -3.046019401267981 , 9.778058562278083 , 1 , 0 , 0 , 235 , 144 , 21000 , 10 , 129 , 235 , 146 , 2333 , 13 , 1 , 239 , 33 , 34 , 169 , 110 , 0.9812675540847913 , 2.0005844719962544 , 2.9857161928384017 , 4.048347565808684 , 4.99233387160991 , 6.0514821819055715 , 0.041840892732348756 , 20 , 30 , 0 , 0 , 0 , 0 , 0 , 1 , 2
235 , 144 , 22000 , 11 , 153 , 0 , 0 , 0 , 0 , 0 , 0 , 0 , 0 , 0 , 460 , 198 , 133 , 11 , -0.015181053987500609 , -2.9614056322061324 , 9.804285301569593 , 1 , 0 , 0 , 235 , 144 , 23000 , 11 , 129 , 235 , 146 , 2333 , 14 , 1 , 239 , 34 , 35 , 170 , 111 , 1.023104889121943 , 1.9666340501491246 , 3.037158585403801 , 3.918055881905413 , 5.032690694985944 , 6.036798352013318 , -0.03114995472997166 , 21 , 32 , 0 , 0 , 0 , 0 , 0 , 1 , 2
235 , 144 , 24000 , 12 , 153 , 0 , 0 , 0 , 0 , 0 , 0 , 0 , 0 , 0 , 461 , 199 , 134 , 12 , 0.02441293048475221 , -2.913170639395051 , 9.783291736174277 , 1 , 0 , 0 , 235 , 144 , 25000 , 12 , 129 , 235 , 146 , 2333 , 15 , 1 , 239 , 36 , 37 , 172 , 112 , 1.0480844489542942 , 2.0229595635967357 , 2.907954653642383 , 3.9388288187463565 , 5.062584096202522 , 5.908387733115059 , 0.08918287506559805 , 22 , 34 , 0 , 0 , 0 , 0 , 0 , 1 , 2
235 , 144 , 26000 , 13 , 153 , 0 , 0 , 0 , 0 , 0 , 0 , 0 , 0 , 0 , 461 , 199 , 134 , 13 , 0.07039224640986358 , -2.9260380527581904 , 9.822380319562544 , 1 , 0 , 0 , 235 , 144 , 27000 , 13 , 129 , 235 , 146 , 2333 , 16 , 1 , 239 , 36 , 37 , 172 , 113 , 0.9728270714902506 , 2.0544089498519496 , 2.951958717058331 , 4.069472370673283 , 5.003329889568017 , 5.966623367566825 , -0.08023798961659388 , 23 , 36 , 0 , 0 , 0 , 0 , 0 , 1 , 2
235 , 144 , 28000 , 14 , 153 , 0 , 0 , 0 , 0 , 0 , 0 , 0 , 0 , 0 , 462 , 200 , 135 , 14 , 0.04099138993231874 , -3.0850999938658346 , 9.722513349987896 , 1 , 0 , 0 , 235 , 144 , 29000 , 14 , 129 , 235 , 146 , 2333 , 17 , 1 , 239 , 37 , 38 , 173 , 114 , 0.962367849577516 , 1.9448505396781974 , 3.034616642628084 , 3.99999590562586 , 5.0860990297787 , 6.009177688256124 , 0.0030365468570783677 , 24 , 38 , 0 , 0 , 0 , 0 , 0 , 1 , 2
235 , 144 , 30000 , 15 , 153 , 0 , 0 , 0 , 0 , 0 , 0 , 0 , 0 , 0 , 462 , 200 , 135 , 15 , 0.028965213866308126 , -2.9063140781419 , 9.832088151793982 , 1 , 0 , 0 , 235 , 144 , 31000 , 15 , 129 , 235 , 146 , 2333 , 18 , 1 , 239 , 39 , 40 , 175 , 115 , 0.9736676306775544 , 1.9749594332010347 , 2.9290251891040096 , 4.055231889833648 , 5.008529949417313 , 5.994661374237882 , 0.07656549202750038 , 25 , 40 , 0 , 0 , 0 , 0 , 0 , 1 , 2
235 , 144 , 32000 , 16 , 153 , 0 , 0 , 0 , 0 , 0 , 0 , 0 , 0 , 0 , 463 , 201 , 136 , 16 , 0.0055347508373981 , -3.0210881425282787 , 9.77139401398805 , 1 , 0 , 0 , 235 , 144 , 33000 , 16 , 129 , 235 , 146 , 2333 , 19 , 1 , 239 , 39 , 40 , 175 , 116 , 1.061087604955285 , 1.949973076294534 , 3.061872488022342 , 3.917817608235097 , 4.948204941265106 , 6.082519227257629 , -0.03524127945994575 , 26 , 42 , 0 , 0 , 0 , 0 , 0 , 1 , 2
235 , 144 , 34000 , 17 , 153 , 0 , 0 , 0 , 0 , 0 , 0 , 0 , 0 , 0 , 463 , 201 , 136 , 17 , -0.021872887470321595 , -3.0764638059730514 , 9.7705408193936 , 1 , 0 , 0 , 235 , 144 , 35000 , 17 , 129 , 235 , 146 , 2333 , 20 , 1 , 239 , 40 , 41 , 176 , 117 , 0.9212549167725856 , 2.0663349147469057 , 2.9212173891003683 , 3.907885939640654 , 5.004691308708664 , 5.9128404056023935 , 0.057740773216646696 , 27 , 44 , 0 , 0 , 0 , 0 , 0 , 1 , 2
235 , 144 , 36000 , 18 , 153 , 0 , 0 , 0 , 0 , 0 , 0 , 0 , 0 , 0 , 464 , 202 , 137 , 18 , 0.09955409413120903 , -3.009218035712266 , 9.74021186917251 , 1 , 0 , 0 , 235 , 144 , 37000 , 18 , 129 , 235 , 146 , 2333 , 21 , 1 , 239 , 42 , 43 , 178 , 118 , 0.9172691680037958 , 2.0364928447249993 , 2.9057261368035663 , 3.9360742607608072 , 4.961735981715738 , 5.929702637403793 , -0.01074822348695885 , 28 , 46 , 0 , 0 , 0 , 0 , 0 , 1 , 2
235 , 144 , 38000 , 19 , 153 , 0 , 0 , 0 , 0 , 0 , 0 , 0 , 0 , 0 , 464 , 202 , 137 , 19 , -0.057202046091315295 , -2.9483747332667276 , 9.893651782218114 , 1 , 0 , 0 , 235 , 144 , 39000 , 19 , 129 , 235 , 146 , 2333 , 22 , 1 , 239 , 42 , 43 , 178 , 119 , 1.0385681288354307 , 1.9182637813056251 , 2.99955925593144 , 3.9047696507930922 , 5.000299168300426 , 6.022716646932555 , -0.05151362755147551 , 29 , 48 , 0 , 0 , 0 , 0 , 0 , 1 , 2
235 , 144 , 40000 , 20 , 153 , 0 , 0 , 0 , 0 , 0 , 0 , 0 , 0 , 0 , 465 , 203 , 138 , 20 , -0.0697500787751608 , -2.9589059048553263 , 9.777291980899518 , 1 , 0 , 0 , 235 , 144 , 41000 , 20 , 129 , 235 , 146 , 2333 , 23 , 1 , 239 , 43 , 44 , 179 , 120 , 0.9290965542954431 , 1.908370412320704 , 3.024173762871804 , 4.092389595260838 , 5.025230086551217 , 5.95080074782879 , -0.040352022222399024 , 30 , 50 , 0 , 0 , 0 , 0 , 0 , 1 , 2
235 , 144 , 42000 , 21 , 153 , 0 , 0 , 0 , 0 , 0 , 0 , 0 , 0 , 0 , 465 , 203 , 138 , 21 , 0.05319670093678222 , -2.964917221039684 , 9.877373564576606 , 1 , 0 , 0 , 235 , 144 , 43000 , 21 , 129 , 235 , 146 , 2333 , 24 , 1 , 239 , 45 , 46 , 181 , 121 , 1.0547100272504855 , 2.023993509060429 , 3.0377867508359815 , 4.03970919876878 , 5.007807678143727 , 6.091523812825317 , -0.07485564548763586 , 31 , 52 , 0 , 0 , 0 , 0 , 0 , 1 , 2
235 , 144 , 44000 , 22 , 153 , 0 , 0 , 0 , 0 , 0 , 0 , 0 , 0 , 0 , 466 , 204 , 139 , 22 , -0.09486627483906399 , -3.076834865812398 , 9.738396591528858 , 1 , 0 , 0 , 235 , 144 , 45000 , 22 , 129 , 235 , 146 , 2333 , 25 , 1 , 239 , 45 , 46 , 181 , 122 , 1.062503561700643 , 2.0108270720396137 , 3.0931605641724786 , 3.94704759573213 , 4.919593477507026 , 5.93798898421615 , 0.04433918777464879 , 32 , 54 , 0 , 0 , 0 , 0 , 0 , 1 , 2
235 , 144 , 46000 , 23 , 153 , 0 , 0 , 0 , 0 , 0 , 0 , 0 , 0 , 0 , 466 , 204 , 139 , 23 , 0.07139403169398384 , -3.0923217638596743 , 9.783762800088098 , 1 , 0 , 0 , 235 , 144 , 47000 , 23 , 129 , 235 , 146 , 2333 , 26 , 1 , 239 , 46 , 47 , 182 , 123 , 1.0377306701697293 , 2.0707354560349542 , 2.9911200061857532 , 3.903867536966133 , 4.922439478470959 , 5.903004898408641 , 0.0006011699641972762 , 33 , 56 , 0 , 0 , 0 , 0 , 0 , 1 , 2
235 , 144 , 48000 , 24 , 153 , 0 , 0 , 0 , 0 , 0 , 0 , 0 , 0 , 0 , 467 , 205 , 140 , 24 , 0.04026495815433859 , -3.0873036452115064 , 9.711926155811673 , 1 , 0 , 0 , 235 , 144 , 49000 , 24 , 129 , 235 , 146 , 2333 , 27 , 1 , 239 , 48 , 49 , 184 , 124 , 0.9956709785883747 , 1.9079883886979636 , 3.0137126502279297 , 4.000104576183577 , 4.994638301157269 , 6.056094646018168 , 0.03312174715220781 , 34 , 58 , 0 , 0 , 0 , 0 , 0 , 1 , 2
235 , 144 , 50000 , 25 , 153 , 0 , 0 , 0 , 0 , 0 , 0 , 0 , 0 , 0 , 467 , 205 , 140 , 25 , -0.0409011589634823 , -3.04529201166051 , 9.823104982416258 , 1 , 0 , 0 , 235 , 144 , 51000 , 25 , 129 , 235 , 146 , 2333 , 28 , 1 , 239 , 48 , 49 , 184 , 125 , 1.069187162695118 , 1.9359396153566275 , 2.957830292491229 , 3.9891876443687 , 4.99811582195598 , 6.013745719820766 , 0.09236424647789648 , 35 , 60 , 0 , 0 , 0 , 0 , 0 , 1 , 2
235 , 144 , 52000 , 26 , 153 , 0 , 0 , 0 , 0 , 0 , 0 , 0 , 0 , 0 , 468 , 206 , 141 , 26 , 0.021688112510940674 , -2.9263524166235397 , 9.737345868216908 , 1 , 0 , 0 , 235 , 144 , 53000 , 26 , 129 , 235 , 146 , 2333 , 29 , 1 , 239 , 49 , 50 , 185 , 126 , 1.0847146958173608 , 2.0914829953685263 , 2.9614818493428636 , 4.0400608569553285 , 5.059777107983101 , 6.092345201844938 , 0.04470326902696958 , 36 , 62 , 0 , 0 , 0 , 0 , 0 , 1 , 2
235 , 144 , 54000 , 27 , 153 , 0 , 0 , 0 , 0 , 0 , 0 , 0 , 0 , 0 , 468 , 206 , 141 , 27 , -0.08865781917508304 , -3.073330109059724 , 9.741385747735293 , 1 , 0 , 0 , 235 , 144 , 55000 , 27 , 129 , 235 , 146 , 2333 , 30 , 1 , 239 , 51 , 52 , 187 , 127 , 1.0001396028233824 , 2.090832822486072 , 3.084098848580069 , 3.9569697744942443 , 4.964919792889316 , 6.09567707712173 , -0.02325028287699904 , 37 , 64 , 0 , 0 , 0 , 0 , 0 , 1 , 2
235 , 144 , 56000 , 28 , 153 , 0 , 0 , 0 , 0 , 0 , 0 , 0 , 0 , 0 , 469 , 207 , 142 , 28 , -0.08952523462400944 , -3.0275838601120624 , 9.818296175603605 , 1 , 0 , 0 , 235 , 144 , 57000 , 28 , 129 , 235 , 146 , 2333 , 31 , 1 , 239 , 51 , 52 , 187 , 128 , 1.05092614328262 , 1.921628895329762 , 2.9002815869624214 , 4.044910515981001 , 5.0263063109819655 , 6.026036904290715 , -0.010043722383189888 , 38 , 66 , 0 , 0 , 0 , 0 , 0 , 1 , 2
235 , 144 , 58000 , 29 , 153 , 0 , 0 , 0 , 0 , 0 , 0 , 0 , 0 , 0 , 469 , 207 , 142 , 29 , 0.052634454282516424 , -3.092533485291045 , 9.847146758534619 , 1 , 0 , 0 , 235 , 144 , 59000 , 29 , 129 , 235 , 146 , 2333 , 32 , 1 , 239 , 52 , 53 , 188 , 129 , 0.9306721572475438 , 1.9295705342316791 , 3.0795142264436364 , 4.070057835018085 , 5.024244646882237 , 6.064771963872533 , 0.014784231851013005 , 39 , 68 , 0 , 0 , 0 , 0 , 0 , 1 , 2
235 , 144 , 60000 , 30 , 153 , 0 , 0 , 0 , 0 , 0 , 0 , 0 , 0 , 0 , 470 , 208 , 143 , 30 , 0.045199652982219674 , -3.0598322658307744 , 9.864007475958275 , 1 , 0 , 0 , 235 , 144 , 61000 , 30 , 129 , 235 , 146 , 2333 , 33 , 1 , 239 , 54 , 55 , 190 , 130 , 0.9329173277694441 , 1.9963983917328085 , 2.9423161243421783 , 4.08654063217572 , 5.025240666728905 , 6.032387692031991 , 0.035456508203860426 , 40 , 70 , 0 , 0 , 0 , 0 , 0 , 1 , 2
235 , 144 , 62000 , 31 , 153 , 0 , 0 , 0 , 0 , 0 , 0 , 0 , 0 , 0 , 470 , 208 , 143 , 31 , 0.05686186601556073 , -2.956566689131988 , 9.871313450415006 , 1 , 0 , 0 , 235 , 144 , 63000 , 31 , 129 , 235 , 146 , 2333 , 34 , 1 , 239 , 54 , 55 , 190 , 131 , 1.0204442890438679 , 1.9110008673995629 , 3.078013400558937 , 3.93854346279837 , 5.04426894627358 , 6.099811780494595 , -0.058747007634123244 , 41 , 72 , 0 , 0 , 0 , 0 , 0 , 1 , 2
235 , 144 , 64000 , 32 , 153 , 0 , 0 , 0 , 0 , 0 , 0 , 0 , 0 , 0 , 471 , 209 , 144 , 32 , 0.07353719435054246 , -3.0817666899683314 , 9.83599664801768 , 1 , 0 , 0 , 235 , 144 , 65000 , 32 , 129 , 235 , 146 , 2333 , 35 , 1 , 239 , 55 , 56 , 191 , 132 , 1.0957336556016317 , 1.9113328124538513 , 3.0021682616701195 , 3.998891691970201 , 4.960482930977146 , 5.970691912888809 , 0.06708167534224108 , 42 , 74 , 0 , 0 , 0 , 0 , 0 , 1 , 2
235 , 144 , 66000 , 33 , 153 , 0 , 0 , 0 , 0 , 0 , 0 , 0 , 0 , 0 , 471 , 209 , 144 , 33 , -0.017556665345813502 , -2.995947034663564 , 9.802032500754581 , 1 , 0 , 0 , 235 , 144 , 67000 , 33 , 129 , 235 , 146 , 2333 , 36 , 1 , 239 , 57 , 58 , 193 , 133 , 0.9557772307646685 , 2.0596965160801304 , 2.9009109475714476 , 3.9367276834472036 , 5.041401955700431 , 6.064427400748726 , 0.0028922164628925884 , 43 , 76 , 0 , 0 , 0 , 0 , 0 , 1 , 2
235 , 144 , 68000 , 34 , 153 , 0 , 0 , 0 , 0 , 0 , 0 , 0 , 0 , 0 , 472 , 210 , 145 , 34 , -0.07931043261605736 , -3.009475118629593 , 9.858873047267828 , 1 , 0 , 0 , 235 , 144 , 69000 , 34 , 129 , 235 , 146 , 2333 , 37 , 1 , 239 , 57 , 58 , 193 , 134 , 0.9164505292599401 , 1.9164460785525625 , 3.087574910401418 , 4.018401238184126 , 4.9084188125646175 , 6.053475079142714 , -0.07978170917410976 , 44 , 78 , 0 , 0 , 0 , 0 , 0 , 1 , 2
235 , 144 , 70000 , 35 , 153 , 0 , 0 , 0 , 0 , 0 , 0 , 0 , 0 , 0 , 472 , 210 , 145 , 35 , 0.06846044405523613 , -3.0990969143761298 , 9.779258761355782 , 1 , 0 , 0 , 235 , 144 , 71000 , 35 , 129 , 235 , 146 , 2333 , 38 , 1 , 239 , 58 , 59 , 194 , 135 , 0.9728228373208637 , 2.0278016085750092 , 2.957374284837152 , 4.065881281842308 , 4.960532615861506 , 6.094215245432747 , 0.02279496040799063 , 45 , 80 , 0 , 0 , 0 , 0 , 0 , 1 , 2
235 , 144 , 72000 , 36 , 153 , 0 , 0 , 0 , 0 , 0 , 0 , 0 , 0 , 0 , 473 , 211 , 146 , 36 , 0.07651433662575394 , -3.0228601957319077 , 9.788366808641694 , 1 , 0 , 0 , 235 , 144 , 73000 , 36 , 129 , 235 , 146 , 2333 , 39 , 1 , 239 , 60 , 61 , 196 , 136 , 0.9592244567082283 , 2.091331513209216 , 2.9675702065714478 , 3.914169480868513 , 5.049736199904242 , 6.008357321093592 , 0.05306671153980452 , 46 , 82 , 0 , 0 , 0 , 0 , 0 , 1 , 2
235 , 144 , 74000 , 37 , 153 , 0 , 0 , 0 , 0 , 0 , 0 , 0 , 0 , 0 , 473 , 211 , 146 , 37 , -0.04034398157916735 , -3.099963526001387 , 9.71999224335797 , 1 , 0 , 0 , 235 , 144 , 75000 , 37 , 129 , 235 , 146 , 2333 , 40 , 1 , 239 , 60 , 61 , 196 , 137 , 1.0956958878850058 , 1.9679890690890407 , 3.0659482164914955 , 3.9041379176938302 , 5.08090252161952 , 6.0227283983806235 , -0.07644679177544392 , 47 , 84 , 0 , 0 , 0 , 0 , 0 , 1 , 2
235 , 144 , 76000 , 38 , 153 , 0 , 0 , 0 , 0 , 0 , 0 , 0 , 0 , 0 , 474 , 212 , 147 , 38 , -0.08723637450851632 , -3.0145080933128603 , 9.872630221407945 , 1 , 0 , 0 , 235 , 144 , 77000 , 38 , 129 , 235 , 146 , 2333 , 41 , 1 , 239 , 61 , 62 , 197 , 138 , 1.0186198770715469 , 2.0278460945755903 , 3.046696329796553 , 4.033900809204923 , 5.074998054756779 , 5.970592760230008 , -0.01428434108237435 , 48 , 86 , 0 , 0 , 0 , 0 , 0 , 1 , 2
235 , 144 , 78000 , 39 , 153 , 0 , 0 , 0 , 0 , 0 , 0 , 0 , 0 , 0 , 474 , 212 , 147 , 39 , 0.08327394645801287 , -3.0930707699803768 , 9.826932387775955 , 1 , 0 , 0 , 235 , 144 , 79000 , 39 , 129 , 235 , 146 , 2333 , 42 , 1 , 239 , 63 , 64 , 199 , 139 , 1.033446318000987 , 1.9419140190027897 , 2.932447555756864 , 4.034578763927115 , 4.912319173761858 , 6.009190958446191 , -0.00689655195255319 , 49 , 88 , 0 , 0 , 0 , 0 , 0 , 1 , 2
235 , 144 , 80000 , 40 , 153 , 0 , 0 , 0 , 0 , 0 , 0 , 0 , 0 , 0 , 475 , 213 , 148 , 40 , -0.09936258920427493 , -3.0702600045452386 , 9.715921910328058 , 1 , 0 , 0 , 235 , 144 , 81000 , 40 , 129 , 235 , 146 , 2333 , 43 , 1 , 239 , 63 , 64 , 199 , 140 , 1.0346723551853403 , 1.94017344788785 , 2.9206945132046456 , 4.041997348187404 , 5.046447618653907 , 5.971524101905531 , 0.09075464197930086 , 50 , 90 , 0 , 0 , 0 , 0 , 0 , 1 , 2
235 , 144 , 82000 , 41 , 153 , 0 , 0 , 0 , 0 , 0 , 0 , 0 , 0 , 0 , 475 , 213 , 148 , 41 , 0.09311036633165351 , -2.993037931699595 , 9.749503205580137 , 1 , 0 , 0 , 235 , 144 , 83000 , 41 , 129 , 235 , 146 , 2333 , 44 , 1 , 239 , 64 , 65 , 200 , 141 , 1.0271927467386825 , 2.087597253918037 , 3.031659929463641 , 3.9907668974274615 , 4.921656771498225 , 5.984058304965503 , 0.009221046197336963 , 51 , 92 , 0 , 0 , 0 , 0 , 0 , 1 , 2
235 , 144 , 84000 , 42 , 153 , 0 , 0 , 0 , 0 , 0 , 0 , 0 , 0 , 0 , 476 , 214 , 149 , 42 , -0.048772452475727236 , -2.975108224554875 , 9.888066986346596 , 1 , 0 , 0 , 235 , 144 , 85000 , 42 , 129 , 235 , 146 , 2333 , 45 , 1 , 239 , 66 , 67 , 202 , 142 , 0.9751995348671553 , 2.0234145504362897 , 3.0215227513360228 , 3.993990797638677 , 4.9853942679491245 , 6.0753709012175605 , 0.0529965677909808 , 52 , 94 , 0 , 0 , 0 , 0 , 0 , 1 , 2
235 , 144 , 86000 , 43 , 153 , 0 , 0 , 0 , 0 , 0 , 0 , 0 , 0 , 0 , 476 , 214 , 149 , 43 , 0.09513086459258654 , -2.914295918371626 , 9.83172479709089 , 1 , 0 , 0 , 235 , 144 , 87000 , 43 , 129 , 235 , 146 , 2333 , 46 , 1 , 239 , 66 , 67 , 202 , 143 , 1.0853768819886556 , 2.0985135648292834 , 3.0936300101822725 , 3.9711694777068156 , 5.0114992256073565 , 5.9762254171936195 , 0.03071593833815875 , 53 , 96 , 0 , 0 , 0 , 0 , 0 , 1 , 2
235 , 144 , 88000 , 44 , 153 , 0 , 0 , 0 , 0 , 0 , 0 , 0 , 0 , 0 , 477 , 215 , 150 , 44 , -0.043710269709324436 , -2.945202049710593 , 9.80214084001015 , 1 , 0 , 0 , 235 , 144 , 89000 , 44 , 129 , 235 , 146 , 2333 , 47 , 1 , 239 , 67 , 68 , 203 , 144 , 1.0279786629265364 , 2.080495974295668 , 2.9740365132287114 , 4.006149624312767 , 4.957490315930299 , 5.906891952269349 , -0.04667511237657147 , 54 , 98 , 0 , 0 , 0 , 0 , 0 , 1 , 2
235 , 144 , 90000 , 45 , 153 , 0 , 0 , 0 , 0 , 0 , 0 , 0 , 0 , 0 , 477 , 215 , 150 , 45 , -0.022247816857541472 , -2.9011824606854457 , 9.82919001592716 , 1 , 0 , 0 , 235 , 144 , 91000 , 45 , 129 , 235 , 146 , 2333 , 48 , 1 , 239 , 69 , 70 , 205 , 145 , 0.9843863349187916 , 1.9279869969784431 , 2.9316370334954023 , 3.9053470086335147 , 4.951898236743254 , 5.969509922942022 , 0.0486632695245377 , 55 , 100 , 0 , 0 , 0 , 0 , 0 , 1 , 2
235 , 144 , 92000 , 46 , 153 , 0 , 0 , 0 , 0 , 0 , 0 , 0 , 0 , 0 , 478 , 216 , 151 , 46 , 0.07689404517316198 , -3.0508108729673125 , 9.818234526244238 , 1 , 0 , 0 , 235 , 144 , 93000 , 46 , 129 , 235 , 146 , 2333 , 49 , 1 , 239 , 69 , 70 , 205 , 146 , 1.064535121794915 , 1.9368622592831328 , 2.9594999662940635 , 4.025063720594926 , 5.081458572749978 , 6.062210084488747 , -0.07713462248580297 , 56 , 102 , 0 , 0 , 0 , 0 , 0 , 1 , 2
235 , 144 , 94000 , 47 , 153 , 0 , 0 , 0 , 0 , 0 , 0 , 0 , 0 , 0 , 478 , 216 , 151 , 47 , 0.05255991168094318 , -3.08448769723345 , 9.773831256994503 , 1 , 0 , 0 , 235 , 144 , 95000 , 47 , 129 , 235 , 146 , 2333 , 50 , 1 , 239 , 70 , 71 , 206 , 147 , 0.970338040436045 , 1.9733650360093955 , 2.9895078783859326 , 4.009754318680762 , 4.978094003969447 , 5.954635672263959 , -0.03175238080275511 , 57 , 104 , 0 , 0 , 0 , 0 , 0 , 1 , 2
235 , 144 , 96000 , 48 , 153 , 0 , 0 , 0 , 0 , 0 , 0 , 0 , 0 , 0 , 479 , 217 , 152 , 48 , -0.004277566784433889 , -2.980424035286386 , 9.793143112125339 , 1 , 0 , 0 , 235 , 144 , 97000 , 48 , 129 , 235 , 146 , 2333 , 51 , 1 , 239 , 72 , 73 , 208 , 148 , 1.0876621873531491 , 2.0951218105385796 , 2.9897475998376737 , 4.092712972485098 , 4.925467859071897 , 5.972886831235167 , -0.003395852908867278 , 58 , 106 , 0 , 0 , 0 , 0 , 0 , 1 , 2
235 , 144 , 98000 , 49 , 153 , 0 , 0 , 0 , 0 , 0 , 0 , 0 , 0 , 0 , 479 , 217 , 152 , 49 , 0.055351055139511024 , -3.0754364206696163 , 9.712131860822693 , 1 , 0 , 0 , 235 , 144 , 99000 , 49 , 129 , 235 , 146 , 2333 , 52 , 1 , 239 , 72 , 73 , 208 , 149 , 0.9646164226370921 , 1.953913088738755 , 3.0894782127817817 , 4.004352178748234 , 4.9200597254194145 , 5.938728313380225 , -0.04274449954962714 , 59 , 108 , 0 , 0 , 0 , 0 , 0 , 1 , 2
235 , 144 , 100000 , 50 , 153 , 0 , 0 , 0 , 0 , 0 , 0 , 0 , 0 , 0 , 480 , 218 , 153 , 50 , 0.011828181538819621 , -2.993774068796881 , 9.818441478951597 , 1 , 0 , 0 , 235 , 144 , 101000 , 50 , 129 , 235 , 146 , 2333 , 53 , 1 , 239 , 73 , 74 , 209 , 150 , 0.9038222260964497 , 1.9198998482953318 , 3.0054888530623067 , 4.021520693920974 , 5.055144993289536 , 5.9618938117666245 , -0.0991233943138366 , 60 , 110 , 0 , 0 , 0 , 0 , 0 , 1 , 2
235 , 144 , 102000 , 51 , 153 , 0 , 0 , 0 , 0 , 0 , 0 , 0 , 0 , 0 , 480 , 218 , 153 , 51 , 0.002446084975227872 , -3.0776256634815655 , 9.858166607629114 , 1 , 0 , 0 , 235 , 144 , 103000 , 51 , 129 , 235 , 146 , 2333 , 54 , 1 , 239 , 75 , 76 , 211 , 151 , 0.9659673502440282 , 2.0421924132067737 , 3.007875239027782 , 4.0594438007333 , 4.998256042172518 , 6.073154334475317 , 0.08853982756834086 , 61 , 112 , 0 , 0 , 0 , 0 , 0 , 1 , 2
235 , 144 , 104000 , 52 , 153 , 0 , 0 , 0 , 0 , 0 , 0 , 0 , 0 , 0 , 481 , 219 , 154 , 52 , 0.08040328236867547 , -2.9145719299373742 , 9.88432532861809 , 1 , 0 , 0 , 235 , 144 , 105000 , 52 , 129 , 235 , 146 , 2333 , 55 , 1 , 239 , 75 , 76 , 211 , 152 , 1.012511228574549 , 1.9064449924710936 , 2.9208500905640475 , 4.000041202504157 , 5.011908316823078 , 6.084568374099081 , -0.017171167092347936 , 62 , 114 , 0 , 0 , 0 , 0 , 0 , 1 , 2
235 , 144 , 106000 , 53 , 153 , 0 , 0 , 0 , 0 , 0 , 0 , 0 , 0 , 0 , 481 , 219 , 154 , 53 , -0.0865880739514182 , -3.063663227992024 , 9.700201356700099 , 1 , 0 , 0 , 235 , 144 , 107000 , 53 , 129 , 235 , 146 , 2333 , 56 , 1 , 239 , 76 , 77 , 212 , 153 , 0.9937965410823737 , 2.0116213827331006 , 3.0446940492871657 , 4.087018661075181 , 5.027250580358861 , 5.919660453896256 , -0.0868635377922117 , 63 , 116 , 0 , 0 , 0 , 0 , 0 , 1 , 2
235 , 144 , 108000 , 54 , 153 , 0 , 0 , 0 , 0 , 0 , 0 , 0 , 0 , 0 , 482 , 220 , 155 , 54 , 0.07831469770324595 , -2.9244470767784625 , 9.826196567003388 , 1 , 0 , 0 , 235 , 144 , 109000 , 54 , 129 , 235 , 146 , 2333 , 57 , 1 , 239 , 78 , 79 , 214 , 154 , 1.046129155415637 , 2.076182257623925 , 3.0569428814475477 , 3.9497101135787673 , 4.969831569945586 , 5.984428770107165 , -0.09676368979021199 , 64 , 118 , 0 , 0 , 0 , 0 , 0 , 1 , 2
235 , 144 , 110000 , 55 , 153 , 0 , 0 , 0 , 0 , 0 , 0 , 0 , 0 , 0 , 482 , 220 , 155 , 55 , -0.09529827354417571 , -2.9642742065913135 , 9.802819447227865 , 1 , 0 , 0 , 235 , 144 , 111000 , 55 , 129 , 235 , 146 , 2333 , 58 , 1 , 239 , 78 , 79 , 214 , 155 , 0.9410122257651501 , 2.0070553976281666 , 2.9259887988927105 , 4.097309321830782 , 5.026702117487954 , 6.056396154195112 , 0.07540142309827816 , 65 , 120 , 0 , 0 , 0 , 0 , 0 , 1 , 2
235 , 144 , 112000 , 56 , 153 , 0 , 0 , 0 , 0 , 0 , 0 , 0 , 0 , 0 , 483 , 221 , 156 , 56 , -0.028785018321865516 , -2.937815846588621 , 9.748339722224902 , 1 , 0 , 0 , 235 , 144 , 113000 , 56 , 129 , 235 , 146 , 2333 , 59 , 1 , 239 , 79 , 80 , 215 , 156 , 1.0237843181827402 , 1.9207292256252582 , 3.0198956323965724 , 4.070577155280437 , 4.9052512276136495 , 6.094395272757818 , 0.013805611927753356 , 66 , 122 , 0 , 0 , 0 , 0 , 0 , 1 , 2
235 , 144 , 114000 , 57 , 153 , 0 , 0 , 0 , 0 , 0 , 0 , 0 , 0 , 0 , 483 , 221 , 156 , 57 , 0.08112671086016118 , -2.9912448315648965 , 9.894052464971509 , 1 , 0 , 0 , 235 , 144 , 115000 , 57 , 129 , 235 , 146 , 2333 , 60 , 1 , 239 , 81 , 82 , 217 , 157 , 1.0628799375709252 , 1.9712142111277395 , 3.080362181408564 , 3.9981772095308545 , 4.976465558311096 , 5.912643636763618 , 0.06829428928862069 , 67 , 124 , 0 , 0 , 0 , 0 , 0 , 1 , 2
235 , 144 , 116000 , 58 , 153 , 0 , 0 , 0 , 0 , 0 , 0 , 0 , 0 , 0 , 484 , 222 , 157 , 58 , -0.03485065386622088 , -3.0470227887652404 , 9.887915043945013 , 1 , 0 , 0 , 235 , 144 , 117000 , 58 , 129 , 235 , 146 , 2333 , 61 , 1 , 239 , 81 , 82 , 217 , 158 , 1.0159012698086818 , 1.9980049029026972 , 3.0332381927189527 , 4.047153302526034 , 4.929535268460405 , 6.059300670747719 , 0.07876078333706416 , 68 , 126 , 0 , 0 , 0 , 0 , 0 , 1 , 2
235 , 144 , 118000 , 59 , 153 , 0 , 0 , 0 , 0 , 0 , 0 , 0 , 0 , 0 , 484 , 222 , 157 , 59 , -0.0226141742739098 , -3.028634206531291 , 9.869036972593099 , 1 , 0 , 0 , 235 , 144 , 119000 , 59 , 129 , 235 , 146 , 2333 , 62 , 1 , 239 , 82 , 83 , 218 , 159 , 0.9653001758447839 , 2.076785815961121 , 3.0584138034817028 , 3.9529888970040337 , 5.05042324323256 , 6.019990592499064 , 0.03956751399283259 , 69 , 128 , 0 , 0 , 0 , 0 , 0 , 1 , 2
235 , 144 , 120000 , 60 , 153 , 0 , 0 , 0 , 0 , 0 , 0 , 0 , 0 , 0 , 485 , 223 , 158 , 60 , 0.06836569365974429 , -3.0318522485582475 , 9.72230778682532 , 1 , 0 , 0 , 235 , 144 , 121000 , 60 , 129 , 235 , 146 , 2333 , 63 , 1 , 239 , 84 , 85 , 220 , 160 , 0.9094439286856497 , 2.0903426765689224 , 2.991567894918718 , 4.092643506406617 , 5.078584505681148 , 6.039622062658071 , 0.01075543496174472 , 70 , 130 , 0 , 0 , 0 , 0 , 0 , 1 , 2
235 , 144 , 122000 , 61 , 153 , 0 , 0 , 0 , 0 , 0 , 0 , 0 , 0 , 0 , 485 , 223 , 158 , 61 , -0.0017804897205781628 , -3.088532478081028 , 9.766067461922036 , 1 , 0 , 0 , 235 , 144 , 123000 , 61 , 129 , 235 , 146 , 2333 , 64 , 1 , 239 , 84 , 85 , 220 , 161 , 0.9127188327541949 , 1.9184027308583502 , 2.988982446967234 , 4.089169034521349 , 4.948070263117926 , 6.038200952778652 , -0.0661021923677107 , 71 , 132 , 0 , 0 , 0 , 0 , 0 , 1 , 2
235 , 144 , 124000 , 62 , 153 , 0 , 0 , 0 , 0 , 0 , 0 , 0 , 0 , 0 , 486 , 224 , 159 , 62 , 0.07255069677176165 , -2.966513634900801 , 9.859957572672156 , 1 , 0 , 0 , 235 , 144 , 125000 , 62 , 129 , 235 , 146 , 2333 , 65 , 1 , 239 , 85 , 86 , 221 , 162 , 0.9860436767892007 , 1.9966969651505604 , 2.9112594222986616 , 3.9493597622390912 , 5.011062651978875 , 5.935275311136695 , 0.05988184752509937 , 72 , 134 , 0 , 0 , 0 , 0 , 0 , 1 , 2
235 , 144 , 126000 , 63 , 153 , 0 , 0 , 0 , 0 , 0 , 0 , 0 , 0 , 0 , 486 , 224 , 159 , 63 , 0.010721102694251042 , -3.04175495597149 , 9.892140882497339 , 1 , 0 , 0 , 235 , 144 , 127000 , 63 , 129 , 235 , 146 , 2333 , 66 , 1 , 239 , 87 , 88 , 223 , 163 , 0.9380788410511983 , 1.9740831704003692 , 3.043183463794329 , 4.094958373720817 , 4.904404717508833 , 5.931389759078764 , -0.028366643320778387 , 73 , 136 , 0 , 0 , 0 , 0 , 0 , 1 , 2
235 , 144 , 128000 , 64 , 153 , 0 , 0 , 0 , 0 , 0 , 0 , 0 , 0 , 0 , 487 , 225 , 160 , 64 , 0.036602871722380914 , -3.0108596609149756 , 9.848622544995182 , 1 , 0 , 0 , 235 , 144 , 129000 , 64 , 129 , 235 , 146 , 2333 , 67 , 1 , 239 , 87 , 88 , 223 , 164 , 1.0897604884282328 , 1.989809380496726 , 2.9776596260970614 , 3.981264174244711 , 5.022283425045309 , 6.021203490486457 , 0.09489118500809154 , 74 , 138 , 0 , 0 , 0 , 0 , 0 , 1 , 2
235 , 144 , 130000 , 65 , 153 , 0 , 0 , 0 , 0 , 0 , 0 , 0 , 0 , 0 , 487 , 225 , 160 , 65 , -0.06534796790626018 , -2.9166594829746053 , 9.723103421960522 , 1 , 0 , 0 , 235 , 144 , 131000 , 65 , 129 , 235 , 146 , 2333 , 68 , 1 , 239 , 88 , 89 , 224 , 165 , 0.956252241661635 , 2.0236348099094803 , 2.9854839490791507 , 4.005742066650478 , 4.97148229907994 , 6.005692164805217 , -0.09800328024273247 , 75 , 140 , 0 , 0 , 0 , 0 , 0 , 1 , 2
235 , 144 , 132000 , 66 , 153 , 0 , 0 , 0 , 0 , 0 , 0 , 0 , 0 , 0 , 488 , 226 , 161 , 66 , -0.01371998879759495 , -2.95950682718993 , 9.780193638626189 , 1 , 0 , 0 , 235 , 144 , 133000 , 66 , 129 , 235 , 146 , 2333 , 69 , 1 , 239 , 90 , 91 , 226 , 166 , 1.0718764399189742 , 2.081562623583921 , 2.9074910506187632 , 4.022413018102371 , 4.992130523237946 , 6.085067052522883 , 0.005104025276710236 , 76 , 142 , 0 , 0 , 0 , 0 , 0 , 1 , 2
235 , 144 , 134000 , 67 , 153 , 0 , 0 , 0 , 0 , 0 , 0 , 0 , 0 , 0 , 488 , 226 , 161 , 67 , -0.09885948387956996 , -3.063781102185332 , 9.735204649290734 , 1 , 0 , 0 , 235 , 144 , 135000 , 67 , 129 , 235 , 146 , 2333 , 70 , 1 , 239 , 90 , 91 , 226 , 167 , 1.0095523643679831 , 1.991115465586051 , 2.9466424490043046 , 4.06567743131186 , 4.9152163963626885 , 6.050079848521358 , -0.022670672272917552 , 77 , 144 , 0 , 0 , 0 , 0 , 0 , 1 , 2
235 , 144 , 136000 , 68 , 153 , 0 , 0 , 0 , 0 , 0 , 0 , 0 , 0 , 0 , 489 , 227 , 162 , 68 , -0.012778743052061795 , -2.961398080520878 , 9.735094988746111 , 1 , 0 , 0 , 235 , 144 , 137000 , 68 , 129 , 235 , 146 , 2333 , 71 , 1 , 239 , 91 , 92 , 227 , 168 , 0.9921420633597163 , 1.9458281042833074 , 3.008194380352456 , 3.9008490859719025 , 5.079274517381362 , 5.97224141542938 , 0.026507823002066278 , 78 , 146 , 0 , 0 , 0 , 0 , 0 , 1 , 2
235 , 144 , 138000 , 69 , 153 , 0 , 0 , 0 , 0 , 0 , 0 , 0 , 0 , 0 , 489 , 227 , 162 , 69 , 0.012634620003323715 , -3.0521581861908724 , 9.863936054868645 , 1 , 0 , 0 , 235 , 144 , 139000 , 69 , 129 , 235 , 146 , 2333 , 72 , 1 , 239 , 93 , 94 , 229 , 169 , 0.956999060461705 , 2.067410863843435 , 2.9718771092855394 , 4.0392662284126155 , 4.962655111512622 , 6.04132664065913 , -0.030109281873621455 , 79 , 148 , 0 , 0 , 0 , 0 , 0 , 1 , 2
235 , 144 , 140000 , 70 , 153 , 0 , 0 , 0 , 0 , 0 , 0 , 0 , 0 , 0 , 490 , 228 , 163 , 70 , 0.04724143707513018 , -2.939849482786715 , 9.774540052514425 , 1 , 0 , 0 , 235 , 144 , 141000 , 70 , 129 , 235 , 146 , 2333 , 73 , 1 , 239 , 93 , 94 , 229 , 170 , 1.013224859946732 , 2.053195714399571 , 2.9063160614512653 , 3.9758230576118083 , 5.032362067310643 , 5.971862260931169 , -0.0043606930883752365 , 80 , 150 , 0 , 0 , 0 , 0 , 0 , 1 , 2
235 , 144 , 142000 , 71 , 153 , 0 , 0 , 0 , 0 , 0 , 0 , 0 , 0 , 0 , 490 , 228 , 163 , 71 , -0.0634974455830064 , -3.0764234332212124 , 9.70747512329365 , 1 , 0 , 0 , 235 , 144 , 143000 , 71 , 129 , 235 , 146 , 2333 , 74 , 1 , 239 , 94 , 95 , 230 , 171 , 1.0621071378615372 , 1.9411998694598702 , 3.0273213042471663 , 4.073485761915201 , 5.098316420702254 , 5.922202881210114 , 0.07715383646930715 , 81 , 152 , 0 , 0 , 0 , 0 , 0 , 1 , 2
235 , 144 , 144000 , 72 , 153 , 0 , 0 , 0 , 0 , 0 , 0 , 0 , 0 , 0 , 491 , 229 , 164 , 72 , 0.03573191507645282 , -3.0509360509769445 , 9.7624001586028 , 1 , 0 , 0 , 235 , 144 , 145000 , 72 , 129 , 235 , 146 , 2333 , 75 , 1 , 239 , 96 , 97 , 232 , 172 , 0.9881974287437237 , 2.0821389495681193 , 3.0373592109065815 , 4.086392198923774 , 4.9727741223501605 , 6.016317991990641 , -0.0051912778645021584 , 82 , 154 , 0 , 0 , 0 , 0 , 0 , 1 , 2
235 , 144 , 146000 , 73 , 153 , 0 , 0 , 0 , 0 , 0 , 0 , 0 , 0 , 0 , 491 , 229 , 164 , 73 , 0.07761451130004404 , -3.0748874240891078 , 9.711851499133807 , 1 , 0 , 0 , 235 , 144 , 147000 , 73 , 129 , 235 , 146 , 2333 , 76 , 1 , 239 , 96 , 97 , 232 , 173 , 0.9833732870026888 , 2.067509747194293 , 2.995865633797063 , 3.964230999603163 , 4.965939400350871 , 5.9196053174653525 , -0.08800249922682031 , 83 , 156 , 0 , 0 , 0 , 0 , 0 , 1 , 2
235 , 144 , 148000 , 74 , 153 , 0 , 0 , 0 , 0 , 0 , 0 , 0 , 0 , 0 , 492 , 230 , 165 , 74 , -4.151989219583485e-05 , -2.970923282904469 , 9.707672437724389 , 1 , 0 , 0 , 235 , 144 , 149000 , 74 , 129 , 235 , 146 , 2333 , 77 , 1 , 239 , 97 , 98 , 233 , 174 , 1.0877281088914008 , 2.0105213293718953 , 3.082702619287246 , 4.076962270869484 , 5.0954080277394525 , 5.94937620337916 , -0.026310405266679382 , 84 , 158 , 0 , 0 , 0 , 0 , 0 , 1 , 2
235 , 144 , 150000 , 75 , 153 , 0 , 0 , 0 , 0 , 0 , 0 , 0 , 0 , 0 , 492 , 230 , 165 , 75 , 0.07351847904008144 , -3.063478110091803 , 9.860449511835826 , 1 , 0 , 0 , 235 , 144 , 151000 , 75 , 129 , 235 , 146 , 2333 , 78 , 1 , 239 , 99 , 100 , 235 , 175 , 0.9252081552411979 , 1.998393572388353 , 3.016638590864316 , 3.9196385529553077 , 5.068176509326987 , 5.947410462132689 , 0.010499366798223678 , 85 , 160 , 0 , 0 , 0 , 0 , 0 , 1 , 2
235 , 144 , 152000 , 76 , 153 , 0 , 0 , 0 , 0 , 0 , 0 , 0 , 0 , 0 , 493 , 231 , 166 , 76 , -0.06144548607349616 , -2.9346892921078362 , 9.72885072776189 , 1 , 0 , 0 , 235 , 144 , 153000 , 76 , 129 , 235 , 146 , 2333 , 79 , 1 , 239 , 99 , 100 , 235 , 176 , 1.0430787884896056 , 1.9442905062034763 , 2.9224689096412093 , 4.059003515821728 , 5.063218846480081 , 5.989072628317925 , -0.07473417765650202 , 86 , 162 , 0 , 0 , 0 , 0 , 0 , 1 , 2
235 , 144 , 154000 , 77 , 153 , 0 , 0 , 0 , 0 , 0 , 0 , 0 , 0 , 0 , 493 , 231 , 166 , 77 , -0.00810457778582234 , -3.0189367706962296 , 9.702434531166062 , 1 , 0 , 0 , 235 , 144 , 155000 , 77 , 129 , 235 , 146 , 2333 , 80 , 1 , 239 , 100 , 101 , 236 , 177 , 1.0511931439514175 , 1.956427711027745 , 3.000677091272092 , 4.016844360003659 , 4.940252940742614 , 5.962309025222057 , -0.06259592578251755 , 87 , 164 , 0 , 0 , 0 , 0 , 0 , 1 , 2
235 , 144 , 156000 , 78 , 153 , 0 , 0 , 0 , 0 , 0 , 0 , 0 , 0 , 0 , 494 , 232 , 167 , 78 , -0.027922883447277336 , -2.978532382489735 , 9.885785697325497 , 1 , 0 , 0 , 235 , 144 , 157000 , 78 , 129 , 235 , 146 , 2333 , 81 , 1 , 239 , 102 , 103 , 238 , 178 , 0.9749458526155741 , 2.071222904785718 , 2.9768144931875185 , 4.037198849920071 , 5.080569803958601 , 6.0692134543234335 , -0.042215861738377485 , 88 , 166 , 0 , 0 , 0 , 0 , 0 , 1 , 2
235 , 144 , 158000 , 79 , 153 , 0 , 0 , 0 , 0 , 0 , 0 , 0 , 0 , 0 , 494 , 232 , 167 , 79 , 0.0008334921087322505 , -3.045112080190627 , 9.767412067968506 , 1 , 0 , 0 , 235 , 144 , 159000 , 79 , 129 , 235 , 146 , 2333 , 82 , 1 , 239 , 102 , 103 , 238 , 179 , 1.0315460416512523 , 2.039547912975122 , 3.0147705376470753 , 3.934041917524222 , 5.057546789284943 , 5.982687344639416 , -0.030272930847589752 , 89 , 168 , 0 , 0 , 0 , 0 , 0 , 1 , 2
235 , 144 , 160000 , 80 , 153 , 0 , 0 , 0 , 0 , 0 , 0 , 0 , 0 , 0 , 495 , 233 , 168 , 80 , 0.07276882278840024 , -2.9853937660727854 , 9.797764528040783 , 1 , 0 , 0 , 235 , 144 , 161000 , 80 , 129 , 235 , 146 , 2333 , 83 , 1 , 239 , 103 , 104 , 239 , 180 , 0.9091403551008164 , 1.9988483517892255 , 3.038954517386048 , 3.963610538025329 , 5.075639994576958 , 6.076311367519577 , -0.08440686048352115 , 90 , 170 , 0 , 0 , 0 , 0 , 0 , 1 , 2
235 , 144 , 162000 , 81 , 153 , 0 , 0 , 0 , 0 , 0 , 0 , 0 , 0 , 0 , 495 , 233 , 168 , 81 , 0.018213494272191405 , -2.9961174203600898 , 9.704400861489093 , 1 , 0 , 0 , 235 , 144 , 163000 , 81 , 129 , 235 , 146 , 2333 , 84 , 1 , 239 , 105 , 106 , 241 , 181 , 0.9059357933009835 , 2.0031717580897075 , 2.9423070600790386 , 3.9897735072861793 , 4.9930149744243 , 5.977982402399871 , -0.05508261331567635 , 91 , 172 , 0 , 0 , 0 , 0 , 0 , 1 , 2
235 , 144 , 164000 , 82 , 153 , 0 , 0 , 0 , 0 , 0 , 0 , 0 , 0 , 0 , 496 , 234 , 169 , 82 , 0.0502745445102728 , -2.906192699805317 , 9.894580310235465 , 1 , 0 , 0 , 235 , 144 , 165000 , 82 , 129 , 235 , 146 , 2333 , 85 , 1 , 239 , 105 , 106 , 241 , 182 , 1.087839063004052 , 1.9901870149687324 , 3.0753764680328683 , 3.962428332911943 , 5.088117126630458 , 5.917552070113867 , 0.031190993523722454 , 92 , 174 , 0 , 0 , 0 , 0 , 0 , 1 , 2
235 , 144 , 166000 , 83 , 153 , 0 , 0 , 0 , 0 , 0 , 0 , 0 , 0 , 0 , 496 , 234 , 169 , 83 , -0.030722706432892696 , -3.0507154215417227 , 9.784711271322507 , 1 , 0 , 0 , 235 , 144 , 167000 , 83 , 129 , 235 , 146 , 2333 , 86 , 1 , 239 , 106 , 107 , 242 , 183 , 0.9701532922662915 , 1.9747979772107733 , 3.0547077193067222 , 3.994471728935703 , 5.078367452054304 , 5.90205408799649 , -0.03299708619991891 , 93 , 176 , 0 , 0 , 0 , 0 , 0 , 1 , 2
235 , 144 , 168000 , 84 , 153 , 0 , 0 , 0 , 0 , 0 , 0 , 0 , 0 , 0 , 497 , 235 , 170 , 84 , 0.015928262597841747 , -3.084690549956988 , 9.814233331180718 , 1 , 0 , 0 , 235 , 144 , 169000 , 84 , 129 , 235 , 146 , 2333 , 87 , 1 , 239 , 108 , 109 , 244 , 184 , 0.920018834943878 , 2.013929431800705 , 2.9335287480003243 , 3.984807243863754 , 4.95682127979772 , 6.083529489032862 , 0.023458934154541075 , 94 , 178 , 0 , 0 , 0 , 0 , 0 , 1 , 2
235 , 144 , 170000 , 85 , 153 , 0 , 0 , 0 , 0 , 0 , 0 , 0 , 0 , 0 , 497 , 235 , 170 , 85 , -0.011161768438284717 , -2.936116745556455 , 9.812068239479432 , 1 , 0 , 0 , 235 , 144 , 171000 , 85 , 129 , 235 , 146 , 2333 , 88 , 1 , 239 , 108 , 109 , 244 , 185 , 1.043960604456722 , 1.9057441229479781 , 2.9884119503024875 , 4.055107654910474 , 5.08908120506939 , 6.081812489680829 , 0.042277490187788314 , 95 , 180 , 0 , 0 , 0 , 0 , 0 , 1 , 2
235 , 144 , 172000 , 86 , 153 , 0 , 0 , 0 , 0 , 0 , 0 , 0 , 0 , 0 , 498 , 236 , 171 , 86 , -0.07325407851893662 , -2.9826934323811707 , 9.823320625321175 , 1 , 0 , 0 , 235 , 144 , 173000 , 86 , 129 , 235 , 146 , 2333 , 89 , 1 , 239 , 109 , 110 , 245 , 186 , 0.9668070530475756 , 2.07678885719837 , 3.066856435543052 , 3.9105806616798864 , 4.970375962254768 , 6.018762033666979 , -0.02933956702301914 , 96 , 182 , 0 , 0 , 0 , 0 , 0 , 1 , 2
235 , 144 , 174000 , 87 , 153 , 0 , 0 , 0 , 0 , 0 , 0 , 0 , 0 , 0 , 498 , 236 , 171 , 87 , -0.03275745672275625 , -3.023484364099542 , 9.8917868953234 , 1 , 0 , 0 , 235 , 144 , 175000 , 87 , 129 , 235 , 146 , 2333 , 90 , 1 , 239 , 111 , 112 , 247 , 187 , 0.9174343056475076 , 2.0066456226776177 , 3.0749441760488487 , 4.044483721801801 , 4.975832170303267 , 6.035667417601018 , -0.013241481236933111 , 97 , 184 , 0 , 0 , 0 , 0 , 0 , 1 , 2
235 , 144 , 176000 , 88 , 153 , 0 , 0 , 0 , 0 , 0 , 0 , 0 , 0 , 0 , 499 , 237 , 172 , 88 , -0.055198339968607506 , -3.0293677406425212 , 9.757417428410289 , 1 , 0 , 0 , 235 , 144 , 177000 , 88 , 129 , 235 , 146 , 2333 , 91 , 1 , 239 , 111 , 112 , 247 , 188 , 1.0567501991675994 , 1.9201072139207422 , 3.092769242912743 , 4.072957267353357 , 5.019054741450771 , 5.976229532954077 , 0.08865186688405319 , 98 , 186 , 0 , 0 , 0 , 0 , 0 , 1 , 2
235 , 144 , 178000 , 89 , 153 , 0 , 0 , 0 , 0 , 0 , 0 , 0 , 0 , 0 , 499 , 237 , 172 , 89 , -0.01231422020382189 , -3.0564982961030394 , 9.79658479440676 , 1 , 0 , 0 , 235 , 144 , 179000 , 89 , 129 , 235 , 146 , 2333 , 92 , 1 , 239 , 112 , 113 , 248 , 189 , 1.0675014900048392 , 2.027430673254392 , 3.066927614107646 , 4.02569664455629 , 5.091640741739848 , 5.912958774995162 , 0.030931331402794526 , 99 , 188 , 0 , 0 , 0 , 0 , 0 , 1 , 2
235 , 144 , 180000 , 90 , 153 , 0 , 0 , 0 , 0 , 0 , 0 , 0 , 0 , 0 , 500 , 238 , 173 , 90 , 0.0635039332239545 , -3.0458361235525517 , 9.754368623791487 , 1 , 0 , 0 , 235 , 144 , 181000 , 90 , 129 , 235 , 146 , 2333 , 93 , 1 , 239 , 114 , 115 , 250 , 190 , 0.9953210932476471 , 1.9976937215030324 , 3.0581512209324586 , 4.024348272907121 , 4.921594043305692 , 6.041043340352314 , -0.07797046029892794 , 100 , 190 , 0 , 0 , 0 , 0 , 0 , 1 , 2
235 , 144 , 182000 , 91 , 153 , 0 , 0 , 0 , 0 , 0 , 0 , 0 , 0 , 0 , 500 , 238 , 173 , 91 , -0.07795700669723443 , -3.0415180350816557 , 9.892448576448018 , 1 , 0 , 0 , 235 , 144 , 183000 , 91 , 129 , 235 , 146 , 2333 , 94 , 1 , 239 , 114 , 115 , 250 , 191 , 1.0826349430236792 , 1.9833404208784742 , 2.949219662961903 , 3.955735122416277 , 4.980266794100236 , 5.999727063765347 , -0.018340969387582867 , 101 , 192 , 0 , 0 , 0 , 0 , 0 , 1 , 2
235 , 144 , 184000 , 92 , 153 , 0 , 0 , 0 , 0 , 0 , 0 , 0 , 0 , 0 , 501 , 239 , 174 , 92 , 0.014579117916480852 , -2.931891991901492 , 9.747383592654396 , 1 , 0 , 0 , 235 , 144 , 185000 , 92 , 129 , 235 , 146 , 2333 , 95 , 1 , 239 , 115 , 116 , 251 , 192 , 0.9760679296375651 , 2.0491041795157185 , 3.0145546814392143 , 4.027140756908759 , 4.952306724932969 , 5.950581994591035 , -0.06691619712947153 , 102 , 194 , 0 , 0 , 0 , 0 , 0 , 1 , 2
235 , 144 , 186000 , 93 , 153 , 0 , 0 , 0 , 0 , 0 , 0 , 0 , 0 , 0 , 501 , 239 , 174 , 93 , -0.057158319857280815 , -3.0202867677376357 , 9.78765456870016 , 1 , 0 , 0 , 235 , 144 , 187000 , 93 , 129 , 235 , 146 , 2333 , 96 , 1 , 239 , 117 , 118 , 253 , 193 , 0.9010832531588354 , 2.0909275201119506 , 2.953651873633013 , 3.974455490606738 , 5.048511980072154 , 6.033392299025822 , 0.0496360622071457 , 103 , 196 , 0 , 0 , 0 , 0 , 0 , 1 , 2
235 , 144 , 188000 , 94 , 153 , 0 , 0 , 0 , 0 , 0 , 0 , 0 , 0 , 0 , 502 , 240 , 175 , 94 , 0.03379365901682524 , -2.995395989933335 , 9.715922325242634 , 1 , 0 , 0 , 235 , 144 , 189000 , 94 , 129 , 235 , 146 , 2333 , 97 , 1 , 239 , 117 , 118 , 253 , 194 , 1.0682303570847222 , 1.9927127547884222 , 2.9340766399676723 , 4.008342332553206 , 5.08040870721153 , 6.095162755530565 , -0.05820413271919603 , 104 , 198 , 0 , 0 , 0 , 0 , 0 , 1 , 2
235 , 144 , 190000 , 95 , 153 , 0 , 0 , 0 , 0 , 0 , 0 , 0 , 0 , 0 , 502 , 240 , 175 , 95 , -0.07981719362277069 , -2.959979997670306 , 9.895015077952118 , 1 , 0 , 0 , 235 , 144 , 191000 , 95 , 129 , 235 , 146 , 2333 , 98 , 1 , 239 , 118 , 119 , 254 , 195 , 0.974542529380585 , 2.0465192823104728 , 3.077349127501441 , 4.035728765158381 , 5.076263820666183 , 6.002095321174881 , -0.029993340919194728 , 105 , 200 , 0 , 0 , 0 , 0 , 0 , 1 , 2
235 , 144 , 192000 , 96 , 153 , 0 , 0 , 0 , 0 , 0 , 0 , 0 , 0 , 0 , 503 , 241 , 176 , 96 , -0.07563937499750613 , -2.942126798651643 , 9.822900440013479 , 1 , 0 , 0 , 235 , 144 , 193000 , 96 , 129 , 235 , 146 , 2333 , 99 , 1 , 239 , 120 , 121 , 0 , 196 , 0.9592789826710261 , 2.013345057188096 , 3.032588543630122 , 3.9086797274630145 , 5.074099152850868 , 6.06003641042987 , 0.060115334379132884 , 106 , 202 , 0 , 0 , 0 , 0 , 0 , 1 , 2
235 , 144 , 194000 , 97 , 153 , 0 , 0 , 0 , 0 , 0 , 0 , 0 , 0 , 0 , 503 , 241 , 176 , 97 , 0.06962749931294157 , -2.9032573907660604 , 9.780792496646256 , 1 , 0 , 0 , 235 , 144 , 195000 , 97 , 129 , 235 , 146 , 2333 , 100 , 1 , 239 , 120 , 121 , 0 , 197 , 0.9011917297400023 , 1.9861909222790077 , 3.0046747606819597 , 3.9089818733749273 , 4.942043234290726 , 5.908167107716069 , -0.09244903086428868 , 107 , 204 , 0 , 0 , 0 , 0 , 0 , 1 , 2
235 , 144 , 196000 , 98 , 153 , 0 , 0 , 0 , 0 , 0 , 0 , 0 , 0 , 0 , 504 , 242 , 177 , 98 , -0.04182689552196113 , -3.0641216708736305 , 9.70053261659318 , 1 , 0 , 0 , 235 , 144 , 197000 , 98 , 129 , 235 , 146 , 2333 , 101 , 1 , 239 , 121 , 122 , 1 , 198 , 1.0515954003138932 , 2.010849171834618 , 2.910730592893929 , 3.9049124836605844 , 4.944097597215281 , 5.935594114098628 , 0.03161304161420453 , 108 , 206 , 0 , 0 , 0 , 0 , 0 , 1 , 2
235 , 144 , 198000 , 99 , 153 , 0 , 0 , 0 , 0 , 0 , 0 , 0 , 0 , 0 , 504 , 242 , 177 , 99 , -0.010258438044657536 , -2.9438353929860823 , 9.860477054352492 , 1 , 0 , 0 , 235 , 144 , 199000 , 99 , 129 , 235 , 146 , 2333 , 102 , 1 , 239 , 123 , 124 , 3 , 199 , 1.0987688264142281 , 1.9699929286989604 , 3.091649295975529 , 3.9208958581303115 , 4.985505583762535 , 6.061484739321812 , 0.018355206922785444 , 109 , 208 , 0 , 0 , 0 , 0 , 0 , 1 , 2
235 , 144 , 200000 , 100 , 153 , 0 , 0 , 0 , 0 , 0 , 0 , 0 , 0 , 0 , 505 , 243 , 178 , 100 , -0.023567052508032565 , -2.9655396287288593 , 9.783319159695097 , 1 , 0 , 0 , 235 , 144 , 201000 , 100 , 129 , 235 , 146 , 2333 , 103 , 1 , 239 , 123 , 124 , 3 , 200 , 0.9426169892169404 , 2.035376073537795 , 3.0288011471464302 , 3.9653046506627136 , 5.02135143893264 , 6.025345910543753 , -0.009060334611686913 , 110 , 210 , 0 , 0 , 0 , 0 , 0 , 1 , 2
235 , 144 , 202000 , 101 , 153 , 0 , 0 , 0 , 0 , 0 , 0 , 0 , 0 , 0 , 505 , 243 , 178 , 101 , 0.002921948397372781 , -2.993753175562502 , 9.71024496243291 , 0 , 0 , 0 , 235 , 144 , 203000 , 101 , 129 , 235 , 146 , 2333 , 104 , 1 , 239 , 124 , 125 , 4 , 201 , 1.0310311415749767 , 2.064696292424923 , 3.0355866614577094 , 4.063951025523569 , 4.974596375705416 , 6.028102425163865 , 0.07226893417455382 , 111 , 212 , 1 , 0 , 0 , 0 , 0 , 1 , 2
235 , 144 , 204000 , 102 , 153 , 0 , 0 , 0 , 0 , 0 , 0 , 0 , 0 , 0 , 506 , 244 , 179 , 102 , 0.01581629893961982 , -2.9486367670836917 , 9.755160938805934 , 0 , 0 , 0 , 235 , 144 , 205000 , 102 , 129 , 235 , 146 , 2333 , 105 , 1 , 239 , 126 , 127 , 6 , 202 , 1.0981379723643232 , 2.045094141112637 , 2.922354742001302 , 4.060727808797577 , 5.098925739859223 , 6.0885390057721605 , 0.050601795013183126 , 112 , 214 , 1 , 0 , 0 , 0 , 0 , 1 , 2
235 , 144 , 206000 , 103 , 153 , 0 , 0 , 0 , 0 , 0 , 0 , 0 , 0 , 0 , 506 , 244 , 179 , 103 , -0.0014376084265861344 , -3.005151390367057 , 9.764667901707188 , 0 , 0 , 0 , 235 , 144 , 207000 , 103 , 129 , 235 , 146 , 2333 , 106 , 1 , 239 , 126 , 127 , 6 , 203 , 0.9565680420439886 , 1.9566698708849832 , 2.971789884322406 , 3.9930889692411027 , 4.952563317800593 , 6.092025611064311 , -0.026716538714466137 , 113 , 216 , 1 , 0 , 0 , 0 , 0 , 1 , 2
235 , 144 , 208000 , 104 , 153 , 0 , 0 , 0 , 0 , 0 , 0 , 0 , 0 , 0 , 507 , 245 , 180 , 104 , -0.019480744382811804 , -3.055623749052658 , 9.796560710921996 , 0 , 0 , 0 , 235 , 144 , 209000 , 104 , 129 , 235 , 146 , 2333 , 107 , 1 , 239 , 127 , 128 , 7 , 204 , 0.9669422408059787 , 2.060118730640335 , 2.9548286012607647 , 4.0935208179208 , 5.02848019581548 , 5.905406351220954 , 0.044364021589643865 , 114 , 218 , 1 , 0 , 0 , 0 , 0 , 1 , 2
235 , 144 , 210000 , 105 , 153 , 0 , 0 , 0 , 0 , 0 , 0 , 0 , 0 , 0 , 507 , 245 , 180 , 105 , -0.0018506298606750377 , -2.954312285424452 , 9.757542691570558 , 0 , 0 , 0 , 235 , 144 , 211000 , 105 , 129 , 235 , 146 , 2333 , 108 , 1 , 239 , 129 , 130 , 9 , 205 , 0.9301117015626332 , 1.9400105725433254 , 2.9936981513317806 , 4.05219996943618 , 4.973990480000701 , 6.0189540642671515 , 0.05996379974667265 , 115 , 220 , 1 , 0 , 0 , 0 , 0 , 1 , 2
235 , 144 , 212000 , 106 , 153 , 0 , 0 , 0 , 0 , 0 , 0 , 0 , 0 , 0 , 508 , 246 , 181 , 106 , -0.05553330324466657 , -3.038848174670017 , 9.83777402931079 , 0 , 0 , 0 , 235 , 144 , 213000 , 106 , 129 , 235 , 146 , 2333 , 109 , 1 , 239 , 129 , 130 , 9 , 206 , 1.097409321207671 , 1.920191349952632 , 3.00138406661919 , 4.0620526826684324 , 4.92199108687802 , 6.035680332890966 , -0.042643700603934256 , 116 , 222 , 1 , 0 , 0 , 0 , 0 , 1 , 2
235 , 144 , 214000 , 107 , 153 , 0 , 0 , 0 , 0 , 0 , 0 , 0 , 0 , 0 , 508 , 246 , 181 , 107 , -0.08132528680362874 , -2.9034686507528202 , 9.803866729058628 , 0 , 0 , 0 , 235 , 144 , 215000 , 107 , 129 , 235 , 146 , 2333 , 110 , 1 , 239 , 130 , 131 , 10 , 207 , 1.0496785408013678 , 1.9359453249186478 , 3.0644626183766026 , 3.9347430483890204 , 4.96274174156305 , 6.089818412449035 , 0.034147708896939605 , 117 , 224 , 1 , 0 , 0 , 0 , 0 , 1 , 2
235 , 144 , 216000 , 108 , 153 , 0 , 0 , 0 , 0 , 0 , 0 , 0 , 0 , 0 , 509 , 247 , 182 , 108 , -0.09188842810521147 , -3.072307799896424 , 9.834678704567715 , 0 , 0 , 0 , 235 , 144 , 217000 , 108 , 129 , 235 , 146 , 2333 , 111 , 1 , 239 , 132 , 133 , 12 , 208 , 0.9878537425437985 , 1.9082247465947588 , 3.0142082365194844 , 3.9156081376363145 , 4.933571786707825 , 6.067720447948102 , 0.006373829930257077 , 118 , 226 , 1 , 0 , 0 , 0 , 0 , 1 , 2
235 , 144 , 218000 , 109 , 153 , 0 , 0 , 0 , 0 , 0 , 0 , 0 , 0 , 0 , 509 , 247 , 182 , 109 , -0.0810210069036028 , -3.0447788293954683 , 9.89020899006875 , 0 , 0 , 0 , 235 , 144 , 219000 , 109 , 129 , 235 , 146 , 2333 , 112 , 1 , 239 , 132 , 133 , 12 , 209 , 1.0239654703191994 , 2.0155462712332013 , 2.9378556305648 , 4.003243709550806 , 5.077312166912734 , 6.030712676145828 , -0.016869123801577374 , 119 , 228 , 1 , 0 , 0 , 0 , 0 , 1 , 2
235 , 144 , 220000 , 110 , 153 , 0 , 0 , 0 , 0 , 0 , 0 , 0 , 0 , 0 , 510 , 248 , 183 , 110 , 0.008983948955451224 , -2.937312466867612 , 9.715411633384605 , 0 , 0 , 0 , 235 , 144 , 221000 , 110 , 129 , 235 , 146 , 2333 , 113 , 1 , 239 , 133 , 134 , 13 , 210 , 1.0270435352063447 , 2.054295099213529 , 2.969130242390589 , 3.9463785075614912 , 4.982237785913533 , 5.939181867092385 , 0.025665140467546588 , 120 , 230 , 1 , 0 , 0 , 0 , 0 , 1 , 2
235 , 144 , 222000 , 111 , 153 , 0 , 0 , 0 , 0 , 0 , 0 , 0 , 0 , 0 , 510 , 248 , 183 , 111 , -0.07866105960275656 , -2.9164500973197653 , 9.853829910191278 , 0 , 0 , 0 , 235 , 144 , 223000 , 111 , 129 , 235 , 146 , 2333 , 114 , 1 , 239 , 135 , 136 , 15 , 211 , 0.9485360790952687 , 2.0719777824377257 , 2.938073572521372 , 4.041882428525362 , 4.968216505517061 , 6.053598904127938 , -0.04002716840510681 , 121 , 232 , 1 , 0 , 0 , 0 , 0 , 1 , 2
235 , 144 , 224000 , 112 , 153 , 0 , 0 , 0 , 0 , 0 , 0 , 0 , 0 , 0 , 511 , 249 , 184 , 112 , 0.027466521117599285 , -3.0200718646096023 , 9.704237128711966 , 0 , 0 , 0 , 235 , 144 , 225000 , 112 , 129 , 235 , 146 , 2333 , 115 , 1 , 239 , 135 , 136 , 15 , 212 , 0.9818321763967915 , 2.0235130558797456 , 2.904292934050525 , 4.010085571281071 , 4.910507646615282 , 6.0646414658655745 , 0.01966486017795674 , 122 , 234 , 1 , 0 , 0 , 0 , 0 , 1 , 2
235 , 144 , 226000 , 113 , 153 , 0 , 0 , 0 , 0 , 0 , 0 , 0 , 0 , 0 , 511 , 249 , 184 , 113 , -0.07346751981155344 , -3.0710362418732884 , 9.895120670151993 , 0 , 0 , 0 , 235 , 144 , 227000 , 113 , 129 , 235 , 146 , 2333 , 116 , 1 , 239 , 136 , 137 , 16 , 213 , 0.9724670137999778 , 1.9732857204344358 , 3.0576859261348686 , 4.089952271502268 , 5.028092523596422 , 5.923515711698137 , 0.093144167898039 , 123 , 236 , 1 , 0 , 0 , 0 , 0 , 1 , 2
235 , 144 , 228000 , 114 , 153 , 0 , 0 , 0 , 0 , 0 , 0 , 0 , 0 , 0 , 512 , 250 , 185 , 114 , -0.06254770346162847 , -3.094742847430277 , 9.710720452845688 , 0 , 0 , 0 , 235 , 144 , 229000 , 114 , 129 , 235 , 146 , 2333 , 117 , 1 , 239 , 138 , 139 , 18 , 214 , 0.9079915762025463 , 1.9759858676131006 , 3.012700764909763 , 3.9955145412687223 , 4.917675993819649 , 6.0383956838519435 , -0.014308163204410612 , 124 , 238 , 1 , 0 , 0 , 0 , 0 , 1 , 2
235 , 144 , 230000 , 115 , 153 , 0 , 0 , 0 , 0 , 0 , 0 , 0 , 0 , 0 , 512 , 250 , 185 , 115 , 0.052699289712453884 , -3.072296013483438 , 9.795649344009684 , 0 , 0 , 0 , 235 , 144 , 231000 , 115 , 129 , 235 , 146 , 2333 , 118 , 1 , 239 , 138 , 139 , 18 , 215 , 0.9413868779697943 , 2.020491219498771 , 3.0605833460704908 , 3.9383306043809316 , 5.06155084450733 , 6.003113667809165 , 0.0032365199388815907 , 125 , 240 , 1 , 0 , 0 , 0 , 0 , 1 , 2
235 , 144 , 232000 , 116 , 153 , 0 , 0 , 0 , 0 , 0 , 0 , 0 , 0 , 0 , 513 , 251 , 186 , 116 , 0.02988166165517342 , -2.989377143132851 , 9.891338041675404 , 0 , 0 , 0 , 235 , 144 , 233000 , 116 , 129 , 235 , 146 , 2333 , 119 , 1 , 239 , 139 , 140 , 19 , 216 , 0.9734064678984581 , 2.019362389862349 , 2.9810432879837974 , 3.9905623186296917 , 5.063122171493403 , 5.9031634953096885 , 0.05330682402426498 , 126 , 242 , 1 , 0 , 0 , 0 , 0 , 1 , 2
235 , 144 , 234000 , 117 , 153 , 0 , 0 , 0 , 0 , 0 , 0 , 0 , 0 , 0 , 513 , 251 , 186 , 117 , -0.05417152309148903 , -3.027222783069787 , 9.767121763507003 , 0 , 0 , 0 , 235 , 144 , 235000 , 117 , 129 , 235 , 146 , 2333 , 120 , 1 , 239 , 141 , 142 , 21 , 217 , 0.9563944012442739 , 2.056556477237487 , 3.0348056379910493 , 3.996071952910522 , 4.990439331104374 , 6.017990343129517 , 0.05132533980563406 , 127 , 244 , 1 , 0 , 0 , 0 , 0 , 1 , 2
235 , 144 , 236000 , 118 , 153 , 0 , 0 , 0 , 0 , 0 , 0 , 0 , 0 , 0 , 514 , 252 , 187 , 118 , 0.039398253917238696 , -3.0198646856203974 , 9.844541791153171 , 0 , 0 , 0 , 235 , 144 , 237000 , 118 , 129 , 235 , 146 , 2333 , 121 , 1 , 239 , 141 , 142 , 21 , 218 , 1.003361369248971 , 2.050062612377796 , 2.98664207220351 , 3.9424186578309355 , 5.096690118449597 , 6.016808065293321 , 0.0662360165419574 , 128 , 246 , 1 , 0 , 0 , 0 , 0 , 1 , 2
235 , 144 , 238000 , 119 , 153 , 0 , 0 , 0 , 0 , 0 , 0 , 0 , 0 , 0 , 514 , 252 , 187 , 119 , 0.044750218620923154 , -3.096378741023033 , 9.754210979832184 , 0 , 0 , 0 , 235 , 144 , 239000 , 119 , 129 , 235 , 146 , 2333 , 122 , 1 , 239 , 142 , 143 , 22 , 219 , 0.947100933406076 , 1.9158679021927738 , 2.910197609346021 , 3.902869956537321 , 5.065047663851977 , 5.949349813371585 , 0.0471788460793533 , 129 , 248 , 1 , 0 , 0 , 0 , 0 , 1 , 2
235 , 144 , 240000 , 120 , 153 , 0 , 0 , 0 , 0 , 0 , 0 , 0 , 0 , 0 , 515 , 253 , 188 , 120 , 0.09473865429431774 , -2.974501217170501 , 9.838350607527122 , 0 , 0 , 0 , 235 , 144 , 241000 , 120 , 129 , 235 , 146 , 2333 , 123 , 1 , 239 , 144 , 145 , 24 , 220 , 1.0328713478779465 , 1.9326541512569206 , 3.052016623498227 , 3.942443689482832 , 4.970441908995735 , 6.006084849349605 , -0.05938871058564843 , 130 , 250 , 1 , 0 , 0 , 0 , 0 , 1 , 2
235 , 144 , 242000 , 121 , 153 , 0 , 0 , 0 , 0 , 0 , 0 , 0 , 0 , 0 , 515 , 253 , 188 , 121 , -0.0281901635612746 , -2.9922561697497128 , 9.886042122569517 , 0 , 0 , 0 , 235 , 144 , 243000 , 121 , 129 , 235 , 146 , 2333 , 124 , 1 , 239 , 144 , 145 , 24 , 221 , 1.051356349402061 , 1.900893385797483 , 2.9792927544533816 , 3.963001673915133 , 5.079333355650745 , 5.910935136073496 , -0.019284237070529592 , 131 , 252 , 1 , 0 , 0 , 0 , 0 , 1 , 2
235 , 144 , 244000 , 122 , 153 , 0 , 0 , 0 , 0 , 0 , 0 , 0 , 0 , 0 , 516 , 254 , 189 , 122 , 0.05821301457083708 , -3.027258383727532 , 9.897395152273532 , 0 , 0 , 0 , 235 , 144 , 245000 , 122 , 129 , 235 , 146 , 2333 , 125 , 1 , 239 , 145 , 146 , 25 , 222 , 0.9556682684926905 , 2.040940757910266 , 2.9913416066770164 , 3.9145085262148265 , 5.068476072527564 , 5.91382103158559 , 0.03403536039750549 , 132 , 254 , 1 , 0 , 0 , 0 , 0 , 1 , 2
235 , 144 , 246000 , 123 , 153 , 0 , 0 , 0 , 0 , 0 , 0 , 0 , 0 , 0 , 516 , 254 , 189 , 123 , 0.04467141612048059 , -2.955401271734863 , 9.854475003301742 , 0 , 0 , 0 , 235 , 144 , 247000 , 123 , 129 , 235 , 146 , 2333 , 126 , 1 , 239 , 147 , 148 , 27 , 223 , 1.0306018193494224 , 2.0617777997502142 , 2.9218872535230216 , 3.994624817319366 , 4.977043462516259 , 5.99645230467207 , 0.0004555441429155149 , 133 , 256 , 1 , 0 , 0 , 0 , 0 , 1 , 2
235 , 144 , 248000 , 124 , 153 , 0 , 0 , 0 , 0 , 0 , 0 , 0 , 0 , 0 , 517 , 255 , 190 , 124 , -0.00430064807945614 , -2.942475890868177 , 9.768195401243943 , 0 , 0 , 0 , 235 , 144 , 249000 , 124 , 129 , 235 , 146 , 2333 , 127 , 1 , 239 , 147 , 148 , 27 , 224 , 1.0667913994494196 , 1.9163948094858172 , 3.0707075300260245 , 3.9053125086879534 , 5.048726000963996 , 6.0988494458628875 , -0.0016953219155810412 , 134 , 258 , 1 , 0 , 0 , 0 , 0 , 1 , 2
235 , 144 , 250000 , 125 , 153 , 0 , 0 , 0 , 0 , 0 , 0 , 0 , 0 , 0 , 517 , 255 , 190 , 125 , -0.06575804825369291 , -2.920358561021042 , 9.82449190649908 , 0 , 0 , 0 , 235 , 144 , 251000 , 125 , 129 , 235 , 146 , 2333 , 128 , 1 , 239 , 148 , 149 , 28 , 225 , 0.9050014907776093 , 2.0492952475694293 , 3.0551178220115593 , 3.9720129199061827 , 4.960769146592802 , 6.00819638035757 , -0.04120985471582488 , 135 , 260 , 1 , 0 , 0 , 0 , 0 , 1 , 2
235 , 144 , 252000 , 126 , 153 , 0 , 0 , 0 , 0 , 0 , 0 , 0 , 0 , 0 , 518 , 0 , 191 , 126 , -0.06558692965839316 , -3.0617776092920477 , 9.843633388077185 , 0 , 0 , 0 , 235 , 144 , 253000 , 126 , 129 , 235 , 146 , 2333 , 129 , 1 , 239 , 150 , 151 , 30 , 226 , 1.0909889695095711 , 2.0729611699399064 , 3.051928818842884 , 4.022645736660296 , 4.911984086547768 , 5.909751976146048 , 0.07525883034322073 , 136 , 262 , 1 , 0 , 0 , 0 , 0 , 1 , 2
235 , 144 , 254000 , 127 , 153 , 0 , 0 , 0 , 0 , 0 , 0 , 0 , 0 , 0 , 518 , 0 , 191 , 127 , 0.0076065055787247066 , -2.91631600519876 , 9.776463423090837 , 0 , 0 , 0 , 235 , 144 , 255000 , 127 , 129 , 235 , 146 , 2333 , 130 , 1 , 239 , 150 , 151 , 30 , 227 , 1.02998123931936 , 1.9095612834360756 , 3.088594400808073 , 3.976165396471337 , 4.952004656556238 , 5.985064729841588 , -0.023657299971569803 , 137 , 264 , 1 , 0 , 0 , 0 , 0 , 1 , 2
235 , 144 , 256000 , 128 , 153 , 0 , 0 , 0 , 0 , 0 , 0 , 0 , 0 , 0 , 519 , 1 , 192 , 128 , -0.03869606704004927 , -2.959803510964415 , 9.822424756789726 , 0 , 0 , 0 , 235 , 144 , 257000 , 128 , 129 , 235 , 146 , 2333 , 131 , 1 , 239 , 151 , 152 , 31 , 228 , 0.9600314880160286 , 2.0824637910783554 , 2.9953811870136526 , 3.9200668681482855 , 5.097511182808327 , 5.952398781119613 , 0.013243903422607839 , 138 , 266 , 1 , 0 , 0 , 0 , 0 , 1 , 2
235 , 144 , 258000 , 129 , 153 , 0 , 0 , 0 , 0 , 0 , 0 , 0 , 0 , 0 , 519 , 1 , 192 , 129 , 0.08532973459717297 , -3.052884014787889 , 9.848998496103619 , 0 , 0 , 0 , 235 , 144 , 259000 , 129 , 129 , 235 , 146 , 2333 , 132 , 1 , 239 , 153 , 154 , 33 , 229 , 1.0748238877499747 , 2.01665037954029 , 3.0277354106072893 , 3.9550758621964786 , 4.963658545996186 , 6.074582720305053 , 0.072561001813878 , 139 , 268 , 1 , 0 , 0 , 0 , 0 , 1 , 2
235 , 144 , 260000 , 130 , 153 , 0 , 0 , 0 , 0 , 0 , 0 , 0 , 0 , 0 , 520 , 2 , 193 , 130 , 0.04634134108648344 , -3.080626362674017 , 9.756138536670951 , 0 , 0 , 0 , 235 , 144 , 261000 , 130 , 129 , 235 , 146 , 2333 , 133 , 1 , 239 , 153 , 154 , 33 , 230 , 1.0503677743676136 , 1.9850881448056241 , 3.0407473754598304 , 3.9475032907317047 , 5.010694068215466 , 6.044359190597471 , 0.037341500496450214 , 140 , 270 , 1 , 0 , 0 , 0 , 0 , 1 , 2
235 , 144 , 262000 , 131 , 153 , 0 , 0 , 0 , 0 , 0 , 0 , 0 , 0 , 0 , 520 , 2 , 193 , 131 , -0.011992623702602498 , -3.0324314890839306 , 9.807036677434205 , 0 , 0 , 0 , 235 , 144 , 263000 , 131 , 129 , 235 , 146 , 2333 , 134 , 1 , 239 , 154 , 155 , 34 , 231 , 1.0235827351718294 , 1.9051390264150483 , 3.0308642422235588 , 4.023152402141011 , 5.0930244341692115 , 5.9809637490980085 , -0.00660337291397331 , 141 , 272 , 1 , 0 , 0 , 0 , 0 , 1 , 2
235 , 144 , 264000 , 132 , 153 , 0 , 0 , 0 , 0 , 0 , 0 , 0 , 0 , 0 , 521 , 3 , 194 , 132 , -0.09610729467948396 , -2.904080183176653 , 9.747792530053378 , 0 , 0 , 0 , 235 , 144 , 265000 , 132 , 129 , 235 , 146 , 2333 , 135 , 1 , 239 , 156 , 157 , 36 , 232 , 1.004752344272861 , 2.041167348846947 , 3.0320861023824266 , 3.925864406668214 , 4.962397725118969 , 6.072680689974541 , -0.01575783932901216 , 142 , 274 , 1 , 0 , 0 , 0 , 0 , 1 , 2
235 , 144 , 266000 , 133 , 153 , 0 , 0 , 0 , 0 , 0 , 0 , 0 , 0 , 0 , 521 , 3 , 194 , 133 , -0.0673230649430111 , -2.923672358768351 , 9.86717290842313 , 0 , 0 , 0 , 235 , 144 , 267000 , 133 , 129 , 235 , 146 , 2333 , 136 , 1 , 239 , 156 , 157 , 36 , 233 , 1.029292954823205 , 1.9990564915105125 , 2.9408624311317615 , 4.001050967085096 , 5.0931370003037495 , 5.983518883595106 , -0.09340399966951812 , 143 , 276 , 1 , 0 , 0 , 0 , 0 , 1 , 2
235 , 144 , 268000 , 134 , 153 , 0 , 0 , 0 , 0 , 0 , 0 , 0 , 0 , 0 , 522 , 4 , 195 , 134 , 0.07108218088004276 , -3.008928403142776 , 9.875099873291367 , 0 , 0 , 0 , 235 , 144 , 269000 , 134 , 129 , 235 , 146 , 2333 , 137 , 1 , 239 , 157 , 158 , 37 , 234 , 0.9347330619917291 , 2.0196009176564615 , 3.054954719983354 , 3.966422608457647 , 5.08056072593344 , 6.072602909791907 , 0.03924071590686279 , 144 , 278 , 1 , 0 , 0 , 0 , 0 , 1 , 2
235 , 144 , 270000 , 135 , 153 , 0 , 0 , 0 , 0 , 0 , 0 , 0 , 0 , 0 , 522 , 4 , 195 , 135 , -0.06902325711840203 , -3.0390687966831234 , 9.846855774060932 , 0 , 0 , 0 , 235 , 144 , 271000 , 135 , 129 , 235 , 146 , 2333 , 138 , 1 , 239 , 159 , 160 , 39 , 235 , 1.0184987475305842 , 1.9155909124490285 , 2.9128746444834217 , 3.981513508364822 , 5.061653662307427 , 5.971834154897179 , -0.008502173150987252 , 145 , 280 , 1 , 0 , 0 , 0 , 0 , 1 , 2
235 , 144 , 272000 , 136 , 153 , 0 , 0 , 0 , 0 , 0 , 0 , 0 , 0 , 0 , 523 , 5 , 196 , 136 , 0.05987586446350626 , -3.039938863117755 , 9.868566442873124 , 0 , 0 , 0 , 235 , 144 , 273000 , 136 , 129 , 235 , 146 , 2333 , 139 , 1 , 239 , 159 , 160 , 39 , 236 , 1.0034942707238155 , 1.9886720853605941 , 2.9881147610925862 , 4.076705997778343 , 4.992900675043955 , 5.996052644788812 , -0.04039808939292769 , 146 , 282 , 1 , 0 , 0 , 0 , 0 , 1 , 2
235 , 144 , 274000 , 137 , 153 , 0 , 0 , 0 , 0 , 0 , 0 , 0 , 0 , 0 , 523 , 5 , 196 , 137 , -0.0359681795552919 , -2.9455166377866733 , 9.7906290108258 , 0 , 0 , 0 , 235 , 144 , 275000 , 137 , 129 , 235 , 146 , 2333 , 140 , 1 , 239 , 160 , 161 , 40 , 237 , 0.9851563854027712 , 2.089827529931369 , 2.93220324677201 , 3.9279404734815637 , 5.014845826172089 , 5.954196989057379 , 0.09255099562288596 , 147 , 284 , 1 , 0 , 0 , 0 , 0 , 1 , 2
235 , 144 , 276000 , 138 , 153 , 0 , 0 , 0 , 0 , 0 , 0 , 0 , 0 , 0 , 524 , 6 , 197 , 138 , 0.06304871226366035 , -3.014718777973606 , 9.751622191665104 , 0 , 0 , 0 , 235 , 144 , 277000 , 138 , 129 , 235 , 146 , 2333 , 141 , 1 , 239 , 162 , 163 , 42 , 238 , 0.9316989528373258 , 2.037315750582607 , 3.0094373491360233 , 4.077612479619533 , 4.907120510053783 , 5.999779180976934 , 0.09803065910325401 , 148 , 286 , 1 , 0 , 0 , 0 , 0 , 1 , 2
235 , 144 , 278000 , 139 , 153 , 0 , 0 , 0 , 0 , 0 , 0 , 0 , 0 , 0 , 524 , 6 , 197 , 139 , -0.058067401738057356 , -2.933546722766679 , 9.715264300559351 , 0 , 0 , 0 , 235 , 144 , 279000 , 139 , 129 , 235 , 146 , 2333 , 142 , 1 , 239 , 162 , 163 , 42 , 239 , 1.0228769910303601 , 2.063863974769826 , 2.9089719277497372 , 4.012130392536813 , 5.050170648620655 , 6.029450888870937 , 0.06359249487064342 , 149 , 288 , 1 , 0 , 0 , 0 , 0 , 1 , 2
235 , 144 , 280000 , 140 , 153 , 0 , 0 , 0 , 0 , 0 , 0 , 0 , 0 , 0 , 525 , 7 , 198 , 140 , -0.0064404576695479 , -3.019075762017882 , 9.894100111565868 , 0 , 0 , 0 , 235 , 144 , 281000 , 140 , 129 , 235 , 146 , 2333 , 143 , 1 , 239 , 163 , 164 , 43 , 240 , 1.0192364971544925 , 2.0696896424400295 , 3.0052310571180127 , 4.061561190897369 , 5.018265558639103 , 6.0237173747377835 , -0.046756583958155455 , 150 , 290 , 1 , 0 , 0 , 0 , 0 , 1 , 2
235 , 144 , 282000 , 141 , 153 , 0 , 0 , 0 , 0 , 0 , 0 , 0 , 0 , 0 , 525 , 7 , 198 , 141 , 0.06570572652688259 , -2.9255776535961457 , 9.820544555869901 , 0 , 0 , 0 , 235 , 144 , 283000 , 141 , 129 , 235 , 146 , 2333 , 144 , 1 , 239 , 165 , 166 , 45 , 241 , 1.0638948736435947 , 1.9876477626651772 , 3.0514771164406995 , 4.038084143986142 , 4.945580896280574 , 6.077866790067959 , 0.037684828287202266 , 151 , 292 , 1 , 0 , 0 , 0 , 0 , 1 , 2
235 , 144 , 284000 , 142 , 153 , 0 , 0 , 0 , 0 , 0 , 0 , 0 , 0 , 0 , 526 , 8 , 199 , 142 , 0.043967664757904534 , -2.9590269063709083 , 9.898560016803811 , 0 , 0 , 0 , 235 , 144 , 285000 , 142 , 129 , 235 , 146 , 2333 , 145 , 1 , 239 , 165 , 166 , 45 , 242 , 1.0989049281074204 , 1.9875006873457524 , 2.9739071644720902 , 3.992535211112198 , 4.918700334906733 , 5.949267217066083 , 0.01317010115480688 , 152 , 294 , 1 , 0 , 0 , 0 , 0 , 1 , 2
235 , 144 , 286000 , 143 , 153 , 0 , 0 , 0 , 0 , 0 , 0 , 0 , 0 , 0 , 526 , 8 , 199 , 143 , -0.011756069648342193 , -3.078439345279475 , 9.733439194498496 , 0 , 0 , 0 , 235 , 144 , 287000 , 143 , 129 , 235 , 146 , 2333 , 146 , 1 , 239 , 166 , 167 , 46 , 243 , 0.9594145188230815 , 2.0109485005055703 , 3.042976954782862 , 4.052995781791778 , 4.966276445594414 , 5.907385402614878 , -0.06368483899390684 , 153 , 296 , 1 , 0 , 0 , 0 , 0 , 1 , 2
235 , 144 , 288000 , 144 , 153 , 0 , 0 , 0 , 0 , 0 , 0 , 0 , 0 , 0 , 527 , 9 , 200 , 144 , 0.0768767545764251 , -3.0112305572238625 , 9.72944198731663 , 0 , 0 , 0 , 235 , 144 , 289000 , 144 , 129 , 235 , 146 , 2333 , 147 , 1 , 239 , 168 , 169 , 48 , 244 , 0.9511978249295419 , 2.0037851369491855 , 3.0789019030663156 , 4.054221410428768 , 4.974295217151651 , 5.913665477976566 , 0.07555852135390406 , 154 , 298 , 1 , 0 , 0 , 0 , 0 , 1 , 2
235 , 144 , 290000 , 145 , 153 , 0 , 0 , 0 , 0 , 0 , 0 , 0 , 0 , 0 , 527 , 9 , 200 , 145 , 0.05231327485581125 , -2.955287965092044 , 9.810367084361932 , 0 , 0 , 0 , 235 , 144 , 291000 , 145 , 129 , 235 , 146 , 2333 , 148 , 1 , 239 , 168 , 169 , 48 , 245 , 1.0813520357944026 , 2.0324494748207376 , 2.9895528303791883 , 4.044613670177479 , 5.0992508446570834 , 5.973985547198397 , -0.06494383964730806 , 155 , 300 , 1 , 0 , 0 , 0 , 0 , 1 , 2
235 , 144 , 292000 , 146 , 153 , 0 , 0 , 0 , 0 , 0 , 0 , 0 , 0 , 0 , 528 , 10 , 201 , 146 , 0.030251420376235405 , -2.9202688617492467 , 9.832239664295605 , 0 , 0 , 0 , 235 , 144 , 293000 , 146 , 129 , 235 , 146 , 2333 , 149 , 1 , 239 , 169 , 170 , 49 , 246 , 1.0309573008316317 , 1.9139332137173233 , 3.0235050688288974 , 3.9441665986661354 , 4.961486953172378 , 5.98976749831216 , -0.08164456722820744 , 156 , 302 , 1 , 0 , 0 , 0 , 0 , 1 , 2
235 , 144 , 294000 , 147 , 153 , 0 , 0 , 0 , 0 , 0 , 0 , 0 , 0 , 0 , 528 , 10 , 201 , 147 , 0.017069867596086197 , -3.0534396698791753 , 9.70153150339767 , 0 , 0 , 0 , 235 , 144 , 295000 , 147 , 129 , 235 , 146 , 2333 , 150 , 1 , 239 , 171 , 172 , 51 , 247 , 0.9129477317575124 , 1.958745331571062 , 3.033230629300682 , 4.009888017794063 , 5.024800993344315 , 5.966602215371583 , -0.09459044316710499 , 157 , 304 , 1 , 0 , 0 , 0 , 0 , 1 , 2
235 , 144 , 296000 , 148 , 153 , 0 , 0 , 0 , 0 , 0 , 0 , 0 , 0 , 0 , 529 , 11 , 202 , 148 , 0.047759298728214966 , -3.0525345293828554 , 9.87246575105072 , 0 , 0 , 0 , 235 , 144 , 297000 , 148 , 129 , 235 , 146 , 2333 , 151 , 1 , 239 , 171 , 172 , 51 , 248 , 0.9816144624150691 , 2.0371366849560264 , 3.0135189573421717 , 4.0730948470657244 , 4.986185376595849 , 5.981511255304258 , -0.03835478229930292 , 158 , 306 , 1 , 0 , 0 , 0 , 0 , 1 , 2
235 , 144 , 298000 , 149 , 153 , 0 , 0 , 0 , 0 , 0 , 0 , 0 , 0 , 0 , 529 , 11 , 202 , 149 , -0.051261012758457826 , -2.971523006688149 , 9.775932164622336 , 0 , 0 , 0 , 235 , 144 , 299000 , 149 , 129 , 235 , 146 , 2333 , 152 , 1 , 239 , 172 , 173 , 52 , 249 , 1.0054911380761635 , 1.9369433465734314 , 3.093141197226719 , 4.078794689742875 , 4.928360409642322 , 5.998403317055531 , 0.09910022815617067 , 159 , 308 , 1 , 0 , 0 , 0 , 0 , 1 , 2
235 , 144 , 300000 , 150 , 153 , 0 , 0 , 0 , 0 , 0 , 0 , 0 , 0 , 0 , 530 , 12 , 203 , 150 , -0.08400087181914745 , -3.05388017283911 , 9.706581726632834 , 0 , 0 , 0 , 235 , 144 , 301000 , 150 , 129 , 235 , 146 , 2333 , 153 , 1 , 239 , 174 , 175 , 54 , 250 , 0.9100467396146319 , 1.9878543148447103 , 2.9855781463179376 , 3.9359584385235786 , 5.02495663831959 , 6.011673471325415 , 0.05710172843726505 , 160 , 310 , 1 , 0 , 0 , 0 , 0 , 1 , 2
235 , 144 , 302000 , 151 , 153 , 0 , 0 , 0 , 0 , 0 , 0 , 0 , 0 , 0 , 530 , 12 , 203 , 151 , -0.033392521129797764 , -2.9215603930675735 , 9.808829411439856 , 0 , 0 , 0 , 235 , 144 , 303000 , 151 , 129 , 235 , 146 , 2333 , 154 , 1 , 239 , 174 , 175 , 54 , 251 , 1.0318215346003574 , 1.9308242787813936 , 3.085310428010014 , 3.9919771054715456 , 5.006882513575813 , 5.943061072124381 , -0.05279879117338074 , 161 , 312 , 1 , 0 , 0 , 0 , 0 , 1 , 2
235 , 144 , 304000 , 152 , 153 , 0 , 0 , 0 , 0 , 0 , 0 , 0 , 0 , 0 , 531 , 13 , 204 , 152 , 0.055479199796986095 , -2.9384219259150894 , 9.708600188433115 , 0 , 0 , 0 , 235 , 144 , 305000 , 152 , 129 , 235 , 146 , 2333 , 155 , 1 , 239 , 175 , 176 , 55 , 252 , 1.033918862745959 , 2.0087152000147515 , 2.933754185891566 , 4.014866466297073 , 5.001061961922024 , 6.097187861879016 , 0.0426468533312131 , 162 , 314 , 1 , 0 , 0 , 0 , 0 , 1 , 2
235 , 144 , 306000 , 153 , 153 , 0 , 0 , 0 , 0 , 0 , 0 , 0 , 0 , 0 , 531 , 13 , 204 , 153 , 0.08177260068798317 , -3.057806760673989 , 9.756729381993486 , 0 , 0 , 0 , 235 , 144 , 307000 , 153 , 129 , 235 , 146 , 2333 , 156 , 1 , 239 , 177 , 178 , 57 , 253 , 1.00722825937383 , 2.0261043936440744 , 2.9874016548893585 , 3.932496102065958 , 5.04038710436677 , 6.00778855628282 , 0.0804613488469958 , 163 , 316 , 1 , 0 , 0 , 0 , 0 , 1 , 2
235 , 144 , 308000 , 154 , 153 , 0 , 0 , 0 , 0 , 0 , 0 , 0 , 0 , 0 , 532 , 14 , 205 , 154 , 0.061306754090018706 , -2.9008842658308884 , 9.863853781635916 , 0 , 0 , 0 , 235 , 144 , 309000 , 154 , 129 , 235 , 146 , 2333 , 157 , 1 , 239 , 177 , 178 , 57 , 254 , 0.9168912439543804 , 1.9150287655190077 , 3.0515225887192403 , 4.0614516137133885 , 5.005605938050099 , 5.918604948636756 , -0.010117700876876495 , 164 , 318 , 1 , 0 , 0 , 0 , 0 , 1 , 2
235 , 144 , 310000 , 155 , 153 , 0 , 0 , 0 , 0 , 0 , 0 , 0 , 0 , 0 , 532 , 14 , 205 , 155 , -0.03370751473027425 , -3.0077401322014623 , 9.70231522588179 , 0 , 0 , 0 , 235 , 144 , 311000 , 155 , 129 , 235 , 146 , 2333 , 158 , 1 , 239 , 178 , 179 , 58 , 255 , 1.0227159922275946 , 1.9552364590743665 , 3.0392072267790855 , 3.9885049817884757 , 5.048281599908748 , 6.041686841787508 , -0.03139127052203179 , 165 , 320 , 1 , 0 , 0 , 0 , 0 , 1 , 2
235 , 144 , 312000 , 156 , 153 , 0 , 0 , 0 , 0 , 0 , 0 , 0 , 0 , 0 , 533 , 15 , 206 , 156 , -0.007574113068690463 , -3.0669016125997066 , 9.716683821786884 , 0 , 0 , 0 , 235 , 144 , 313000 , 156 , 129 , 235 , 146 , 2333 , 159 , 1 , 239 , 180 , 181 , 60 , 256 , 1.051975555991603 , 2.038945383671729 , 3.0437654279507056 , 3.9869838158966258 , 5.057040848384887 , 6.0796910749247655 , -0.05669792876021473 , 166 , 322 , 1 , 0 , 0 , 0 , 0 , 1 , 2
235 , 144 , 314000 , 157 , 153 , 0 , 0 , 0 , 0 , 0 , 0 , 0 , 0 , 0 , 533 , 15 , 206 , 157 , 0.0285825582598227 , -3.080057374434379 , 9.766143393888601 , 0 , 0 , 0 , 235 , 144 , 315000 , 157 , 129 , 235 , 146 , 2333 , 160 , 1 , 239 , 180 , 181 , 60 , 257 , 1.012358455795034 , 1.9459647388125365 , 3.0964803587812892 , 4.023355724550186 , 4.991782266817027 , 5.905161445455089 , -0.0028049218188547498 , 167 , 324 , 1 , 0 , 0 , 0 , 0 , 1 , 2
235 , 144 , 316000 , 158 , 153 , 0 , 0 , 0 , 0 , 0 , 0 , 0 , 0 , 0 , 534 , 16 , 207 , 158 , -0.012879097095618547 , -2.925246985138112 , 9.848926666018919 , 0 , 0 , 0 , 235 , 144 , 317000 , 158 , 129 , 235 , 146 , 2333 , 161 , 1 , 239 , 181 , 182 , 61 , 258 , 1.0938101449715167 , 2.0751847233912177 , 3.0440306782131317 , 3.9571476848518214 , 4.960644849880613 , 6.008857821853426 , 0.07842353336890029 , 168 , 326 , 1 , 0 , 0 , 0 , 0 , 1 , 2
235 , 144 , 318000 , 159 , 153 , 0 , 0 , 0 , 0 , 0 , 0 , 0 , 0 , 0 , 534 , 16 , 207 , 159 , -0.01578730304051383 , -3.0314225472937397 , 9.871652678931168 , 0 , 0 , 0 , 235 , 144 , 319000 , 159 , 129 , 235 , 146 , 2333 , 162 , 1 , 239 , 183 , 184 , 63 , 259 , 1.025797150738516 , 2.064050269231081 , 3.08730613311144 , 3.90786131841904 , 4.908788954761149 , 5.911274205781782 , -0.08658903549247508 , 169 , 328 , 1 , 0 , 0 , 0 , 0 , 1 , 2
235 , 144 , 320000 , 160 , 153 , 0 , 0 , 0 , 0 , 0 , 0 , 0 , 0 , 0 , 535 , 17 , 208 , 160 , 0.023500375740748106 , -3.051442524502143 , 9.791316413756894 , 0 , 0 , 0 , 235 , 144 , 321000 , 160 , 129 , 235 , 146 , 2333 , 163 , 1 , 239 , 183 , 184 , 63 , 260 , 0.9584618403626166 , 2.0995403210169394 , 3.0127817438851565 , 4.027510624457529 , 5.004057692338173 , 6.05485105672185 , 0.08605824449494762 , 170 , 330 , 1 , 0 , 0 , 0 , 0 , 1 , 2
235 , 144 , 322000 , 161 , 153 , 0 , 0 , 0 , 0 , 0 , 0 , 0 , 0 , 0 , 535 , 17 , 208 , 161 , 0.06097969803984568 , -2.9596239433115934 , 9.8031168505353 , 0 , 0 , 0 , 235 , 144 , 323000 , 161 , 129 , 235 , 146 , 2333 , 164 , 1 , 239 , 184 , 185 , 64 , 261 , 1.0460897516226406 , 1.9329756559544484 , 2.976497495333231 , 4.001519934539925 , 5.038511169125687 , 5.9251767414522885 , -0.09356052055673102 , 171 , 332 , 1 , 0 , 0 , 0 , 0 , 1 , 2
235 , 144 , 324000 , 162 , 153 , 0 , 0 , 0 , 0 , 0 , 0 , 0 , 0 , 0 , 536 , 18 , 209 , 162 , 0.07756993756740013 , -3.008130344963856 , 9.732321187270774 , 0 , 0 , 0 , 235 , 144 , 325000 , 162 , 129 , 235 , 146 , 2333 , 165 , 1 , 239 , 186 , 187 , 66 , 262 , 1.0547195800606348 , 1.972650557449338 , 2.975529747828695 , 4.05063644536567 , 4.953503636295801 , 6.048607853372877 , 0.09450588339207253 , 172 , 334 , 1 , 0 , 0 , 0 , 0 , 1 , 2
235 , 144 , 326000 , 163 , 153 , 0 , 0 , 0 , 0 , 0 , 0 , 0 , 0 , 0 , 536 , 18 , 209 , 163 , -0.08710368999968728 , -3.014026491734495 , 9.880966243313125 , 0 , 0 , 0 , 235 , 144 , 327000 , 163 , 129 , 235 , 146 , 2333 , 166 , 1 , 239 , 186 , 187 , 66 , 263 , 1.0058565925417042 , 2.0440063223973195 , 3.042711546687083 , 4.059310803253155 , 5.0264489432129675 , 6.039397915716332 , 0.0018403416689124763 , 173 , 336 , 1 , 0 , 0 , 0 , 0 , 1 , 2
235 , 144 , 328000 , 164 , 153 , 0 , 0 , 0 , 0 , 0 , 0 , 0 , 0 , 0 , 537 , 19 , 210 , 164 , -0.0016669132706334383 , -2.975314349730255 , 9.88346669723349 , 0 , 0 , 0 , 235 , 144 , 329000 , 164 , 129 , 235 , 146 , 2333 , 167 , 1 , 239 , 187 , 188 , 67 , 264 , 1.0189577046877891 , 2.0064414876984458 , 2.9133828216889723 , 3.9044075662955207 , 5.017202022075837 , 5.914619109540022 , 0.08157854195431921 , 174 , 338 , 1 , 0 , 0 , 0 , 0 , 1 , 2
235 , 144 , 330000 , 165 , 153 , 0 , 0 , 0 , 0 , 0 , 0 , 0 , 0 , 0 , 537 , 19 , 210 , 165 , 0.039339668547804546 , -2.947575306989492 , 9.790147296340447 , 0 , 0 , 0 , 235 , 144 , 331000 , 165 , 129 , 235 , 146 , 2333 , 168 , 1 , 239 , 189 , 190 , 69 , 265 , 1.0344496879911675 , 1.9359843358132194 , 2.9323537387568175 , 3.929667356780041 , 4.918634026538287 , 6.070569177301762 , -0.02728408306200139 , 175 , 340 , 1 , 0 , 0 , 0 , 0 , 1 , 2
235 , 144 , 332000 , 166 , 153 , 0 , 0 , 0 , 0 , 0 , 0 , 0 , 0 , 0 , 538 , 20 , 211 , 166 , 0.07061914705237501 , -3.059939959512747 , 9.797936217909896 , 0 , 0 , 0 , 235 , 144 , 333000 , 166 , 129 , 235 , 146 , 2333 , 169 , 1 , 239 , 189 , 190 , 69 , 266 , 0.9773839297146024 , 1.953450495620912 , 2.9626709893094407 , 3.9118743520245616 , 5.0484161747210745 , 5.9526121243242756 , -0.059308768591601814 , 176 , 342 , 1 , 0 , 0 , 0 , 0 , 1 , 2
235 , 144 , 334000 , 167 , 153 , 0 , 0 , 0 , 0 , 0 , 0 , 0 , 0 , 0 , 538 , 20 , 211 , 167 , 0.00919230978237387 , -2.964922671327103 , 9.742130849151048 , 0 , 0 , 0 , 235 , 144 , 335000 , 167 , 129 , 235 , 146 , 2333 , 170 , 1 , 239 , 190 , 191 , 70 , 267 , 0.964917295311004 , 2.0151056532128067 , 2.983020823551502 , 4.082590828411738 , 5.0912193219248705 , 6.092377159335231 , -0.06795035351813114 , 177 , 344 , 1 , 0 , 0 , 0 , 0 , 1 , 2
235 , 144 , 336000 , 168 , 153 , 0 , 0 , 0 , 0 , 0 , 0 , 0 , 0 , 0 , 539 , 21 , 212 , 168 , -0.07536442186907691 , -3.059982164561485 , 9.77785657716039 , 0 , 0 , 0 , 235 , 144 , 337000 , 168 , 129 , 235 , 146 , 2333 , 171 , 1 , 239 , 192 , 193 , 72 , 268 , 1.06492756737612 , 2.01106881028702 , 2.9731496658352126 , 4.067336321982073 , 5.062660446409509 , 5.917502895990805 , 0.06314190545475051 , 178 , 346 , 1 , 0 , 0 , 0 , 0 , 1 , 2
235 , 144 , 338000 , 169 , 153 , 0 , 0 , 0 , 0 , 0 , 0 , 0 , 0 , 0 , 539 , 21 , 212 , 169 , -0.03727520569832597 , -2.9749984787623815 , 9.799766341482435 , 0 , 0 , 0 , 235 , 144 , 339000 , 169 , 129 , 235 , 146 , 2333 , 172 , 1 , 239 , 192 , 193 , 72 , 269 , 0.9191772990850655 , 1.9099886602346792 , 2.9338799938664804 , 4.00537472322367 , 5.065537263461866 , 5.907581825847724 , -0.02127710725100032 , 179 , 348 , 1 , 0 , 0 , 0 , 0 , 1 , 2
235 , 144 , 340000 , 170 , 153 , 0 , 0 , 0 , 0 , 0 , 0 , 0 , 0 , 0 , 540 , 22 , 213 , 170 , 0.04622806869177387 , -3.0688793341696394 , 9.828743454910361 , 0 , 0 , 0 , 235 , 144 , 341000 , 170 , 129 , 235 , 146 , 2333 , 173 , 1 , 239 , 193 , 194 , 73 , 270 , 0.9441857075115853 , 2.0829430641208875 , 3.0706456078106994 , 4.04581458127531 , 5.070458251417715 , 5.93363750795947 , -0.024316515673176387 , 180 , 350 , 1 , 0 , 0 , 0 , 0 , 1 , 2
235 , 144 , 342000 , 171 , 153 , 0 , 0 , 0 , 0 , 0 , 0 , 0 , 0 , 0 , 540 , 22 , 213 , 171 , -0.09720676138848339 , -2.983234906132397 , 9.879039779813548 , 0 , 0 , 0 , 235 , 144 , 343000 , 171 , 129 , 235 , 146 , 2333 , 174 , 1 , 239 , 195 , 196 , 75 , 271 , 1.0470136294553267 , 1.9210665452159175 , 2.936567586093936 , 3.912746075798977 , 4.965222444723375 , 5.91759569746529 , -0.07947300781159905 , 181 , 352 , 1 , 0 , 0 , 0 , 0 , 1 , 2
235 , 144 , 344000 , 172 , 153 , 0 , 0 , 0 , 0 , 0 , 0 , 0 , 0 , 0 , 541 , 23 , 214 , 172 , -0.016749230771933132 , -3.0724451852873793 , 9.78098518916785 , 0 , 0 , 0 , 235 , 144 , 345000 , 172 , 129 , 235 , 146 , 2333 , 175 , 1 , 239 , 195 , 196 , 75 , 272 , 0.9377674433972538 , 1.98108865913594 , 3.0784628980150988 , 4.027623113200955 , 5.016971996563974 , 5.993769729591276 , -0.0890062540599294 , 182 , 354 , 1 , 0 , 0 , 0 , 0 , 1 , 2
235 , 144 , 346000 , 173 , 153 , 0 , 0 , 0 , 0 , 0 , 0 , 0 , 0 , 0 , 541 , 23 , 214 , 173 , 0.0742409654865884 , -2.92459216462858 , 9.8614117014093 , 0 , 0 , 0 , 235 , 144 , 347000 , 173 , 129 , 235 , 146 , 2333 , 176 , 1 , 239 , 196 , 197 , 76 , 273 , 1.0084034304989429 , 1.921499780303973 , 2.9050124616812503 , 4.012340104885901 , 4.954803600696817 , 6.069949834109677 , -0.05670679278008868 , 183 , 356 , 1 , 0 , 0 , 0 , 0 , 1 , 2
235 , 144 , 348000 , 174 , 153 , 0 , 0 , 0 , 0 , 0 , 0 , 0 , 0 , 0 , 542 , 24 , 215 , 174 , 0.05050999957273253 , -3.0565790723049155 , 9.724705871452828 , 0 , 0 , 0 , 235 , 144 , 349000 , 174 , 129 , 235 , 146 , 2333 , 177 , 1 , 239 , 198 , 199 , 78 , 274 , 1.05207043690838 , 1.939660012244405 , 3.0870557762309425 , 3.9248994407645994 , 5.091826903671445 , 5.941116133463493 , 0.07414246849409362 , 184 , 358 , 1 , 0 , 0 , 0 , 0 , 1 , 2
235 , 144 , 350000 , 175 , 153 , 0 , 0 , 0 , 0 , 0 , 0 , 0 , 0 , 0 , 542 , 24 , 215 , 175 , 0.08042996404607772 , -3.0535780473120844 , 9.819908483370256 , 0 , 0 , 0 , 235 , 144 , 351000 , 175 , 129 , 235 , 146 , 2333 , 178 , 1 , 239 , 198 , 199 , 78 , 275 , 0.9303398592093663 , 2.0386903421291076 , 2.9987220176419678 , 4.025366600968488 , 4.916162434948911 , 5.963410994893426 , 0.019929683014677763 , 185 , 360 , 1 , 0 , 0 , 0 , 0 , 1 , 2
235 , 144 , 352000 , 176 , 153 , 0 , 0 , 0 , 0 , 0 , 0 , 0 , 0 , 0 , 543 , 25 , 216 , 176 , 0.0921069362332568 , -2.9495627026244393 , 9.754954723393702 , 0 , 0 , 0 , 235 , 144 , 353000 , 176 , 129 , 235 , 146 , 2333 , 179 , 1 , 239 , 199 , 200 , 79 , 276 , 0.971609758996809 , 2.0367361128817323 , 3.008841152088472 , 4.0465856111676946 , 4.9681412690053905 , 5.917718207211721 , -0.06400463849699078 , 186 , 362 , 1 , 0 , 0 , 0 , 0 , 1 , 2
235 , 144 , 354000 , 177 , 153 , 0 , 0 , 0 , 0 , 0 , 0 , 0 , 0 , 0 , 543 , 25 , 216 , 177 , 0.09633365903790733 , -2.9084484905363843 , 9.815768681965848 , 0 , 0 , 0 , 235 , 144 , 355000 , 177 , 129 , 235 , 146 , 2333 , 180 , 1 , 239 , 201 , 202 , 81 , 277 , 0.9241233294248994 , 1.9717867843459855 , 2.9458896923208227 , 3.989249795079725 , 5.0405013531096765 , 6.045899614805782 , -0.04339145902888382 , 187 , 364 , 1 , 0 , 0 , 0 , 0 , 1 , 2
235 , 144 , 356000 , 178 , 153 , 0 , 0 , 0 , 0 , 0 , 0 , 0 , 0 , 0 , 544 , 26 , 217 , 178 , -0.09152186329248807 , -3.0749100665359546 , 9.72138037922529 , 0 , 0 , 0 , 235 , 144 , 357000 , 178 , 129 , 235 , 146 , 2333 , 181 , 1 , 239 , 201 , 202 , 81 , 278 , 0.9767575223403671 , 2.058621318414237 , 3.091633947615632 , 3.993216219926514 , 5.066527801899764 , 6.073535360015184 , -0.07176855253403042 , 188 , 366 , 1 , 0 , 0 , 0 , 0 , 1 , 2
235 , 144 , 358000 , 179 , 153 , 0 , 0 , 0 , 0 , 0 , 0 , 0 , 0 , 0 , 544 , 26 , 217 , 179 , -0.06940582918995403 , -3.054085371528329 , 9.893895636752955 , 0 , 0 , 0 , 235 , 144 , 359000 , 179 , 129 , 235 , 146 , 2333 , 182 , 1 , 239 , 202 , 203 , 82 , 279 , 0.9565874933654476 , 1.9621145637984858 , 3.0950018964693746 , 4.013720233894685 , 4.937254641653695 , 5.929040826212162 , 0.06638200732585006 , 189 , 368 , 1 , 0 , 0 , 0 , 0 , 1 , 2
235 , 144 , 360000 , 180 , 153 , 0 , 0 , 0 , 0 , 0 , 0 , 0 , 0 , 0 , 545 , 27 , 218 , 180 , -0.0412598170753111 , -2.9678821903947363 , 9.800029617217614 , 0 , 0 , 0 , 235 , 144 , 361000 , 180 , 129 , 235 , 146 , 2333 , 183 , 1 , 239 , 204 , 205 , 84 , 280 , 1.0509869735743966 , 2.0449935312888643 , 3.0817160790272022 , 4.023830429337395 , 4.939833674068352 , 6.014575190181916 , 0.07836456263374217 , 190 , 370 , 1 , 0 , 0 , 0 , 0 , 1 , 2
235 , 144 , 362000 , 181 , 153 , 0 , 0 , 0 , 0 , 0 , 0 , 0 , 0 , 0 , 545 , 27 , 218 , 181 , -0.030448067554308997 , -2.944664828193268 , 9.72999050082092 , 0 , 0 , 0 , 235 , 144 , 363000 , 181 , 129 , 235 , 146 , 2333 , 184 , 1 , 239 , 204 , 205 , 84 , 281 , 0.9204676132949811 , 2.0564655056315257 , 2.9238015376898496 , 3.90087888457513 , 4.97334733332662 , 5.996048844670564 , -0.090075305381517 , 191 , 372 , 1 , 0 , 0 , 0 , 0 , 1 , 2
235 , 144 , 364000 , 182 , 153 , 0 , 0 , 0 , 0 , 0 , 0 , 0 , 0 , 0 , 546 , 28 , 219 , 182 , -0.030417127195817906 , -2.940274672688636 , 9.768572793216558 , 0 , 0 , 0 , 235 , 144 , 365000 , 182 , 129 , 235 , 146 , 2333 , 185 , 1 , 239 , 205 , 206 , 85 , 282 , 0.907081106085114 , 1.979356288010681 , 2.9124829094773705 , 4.055815513790044 , 4.950273723768171 , 6.0063609446902655 , -0.03206487032095544 , 192 , 374 , 1 , 0 , 0 , 0 , 0 , 1 , 2
235 , 144 , 366000 , 183 , 153 , 0 , 0 , 0 , 0 , 0 , 0 , 0 , 0 , 0 , 546 , 28 , 219 , 183 , 0.057811654987541816 , -2.9330324816662556 , 9.877866932877089 , 0 , 0 , 0 , 235 , 144 , 367000 , 183 , 129 , 235 , 146 , 2333 , 186 , 1 , 239 , 207 , 208 , 87 , 283 , 1.0176719722305845 , 2.04834377769536 , 3.048608642617581 , 4.02643376172552 , 4.985271778598464 , 6.078682885785204 , 0.014698290855002405 , 193 , 376 , 1 , 0 , 0 , 0 , 0 , 1 , 2
235 , 144 , 368000 , 184 , 153 , 0 , 0 , 0 , 0 , 0 , 0 , 0 , 0 , 0 , 547 , 29 , 220 , 184 , -0.006980305744919479 , -2.924375865480605 , 9.856880835189548 , 0 , 0 , 0 , 235 , 144 , 369000 , 184 , 129 , 235 , 146 , 2333 , 187 , 1 , 239 , 207 , 208 , 87 , 284 , 1.0608606475204247 , 1.9124910872214715 , 2.927194906809427 , 3.9959742777163485 , 5.06201251075941 , 5.973711923070054 , -0.02656982097462604 , 194 , 378 , 1 , 0 , 0 , 0 , 0 , 1 , 2
235 , 144 , 370000 , 185 , 153 , 0 , 0 , 0 , 0 , 0 , 0 , 0 , 0 , 0 , 547 , 29 , 220 , 185 , -0.05867867732250101 , -3.071252235946683 , 9.842554591793695 , 0 , 0 , 0 , 235 , 144 , 371000 , 185 , 129 , 235 , 146 , 2333 , 188 , 1 , 239 , 208 , 209 , 88 , 285 , 1.0189396687305075 , 2.057298735095511 , 3.0143679257904497 , 3.9129600061570873 , 4.965039386505843 , 6.028195155079481 , 0.09749946691036487 , 195 , 380 , 1 , 0 , 0 , 0 , 0 , 1 , 2
235 , 144 , 372000 , 186 , 153 , 0 , 0 , 0 , 0 , 0 , 0 , 0 , 0 , 0 , 548 , 30 , 221 , 186 , 0.06566686690895998 , -3.048072539694775 , 9.898201471513774 , 0 , 0 , 0 , 235 , 144 , 373000 , 186 , 129 , 235 , 146 , 2333 , 189 , 1 , 239 , 210 , 211 , 90 , 286 , 0.9069984420587286 , 1.9674471890257488 , 2.9751282551790195 , 3.9497366112762777 , 4.939563969160486 , 5.956616500685433 , 0.05472714844238857 , 196 , 382 , 1 , 0 , 0 , 0 , 0 , 1 , 2
235 , 144 , 374000 , 187 , 153 , 0 , 0 , 0 , 0 , 0 , 0 , 0 , 0 , 0 , 548 , 30 , 221 , 187 , 0.05452024122810609 , -2.9723995456183334 , 9.746037467160683 , 0 , 0 , 0 , 235 , 144 , 375000 , 187 , 129 , 235 , 146 , 2333 , 190 , 1 , 239 , 210 , 211 , 90 , 287 , 1.0426368283773237 , 2.061443125663401 , 2.9181542851172018 , 3.923047495919497 , 4.914593399261712 , 5.949937297074048 , 0.01741509214572705 , 197 , 384 , 1 , 0 , 0 , 0 , 0 , 1 , 2
235 , 144 , 376000 , 188 , 153 , 0 , 0 , 0 , 0 , 0 , 0 , 0 , 0 , 0 , 549 , 31 , 222 , 188 , 0.08531509629369702 , -2.9995314958477683 , 9.76841116164639 , 0 , 0 , 0 , 235 , 144 , 377000 , 188 , 129 , 235 , 146 , 2333 , 191 , 1 , 239 , 211 , 212 , 91 , 288 , 0.9021741247240515 , 2.09648032023142 , 2.927713206433564 , 4.020062885884606 , 5.017440994965959 , 6.015957585870006 , -0.05059881061103791 , 198 , 386 , 1 , 0 , 0 , 0 , 0 , 1 , 2
235 , 144 , 378000 , 189 , 153 , 0 , 0 , 0 , 0 , 0 , 0 , 0 , 0 , 0 , 549 , 31 , 222 , 189 , -0.07234718821494733 , -2.9797061194125427 , 9.75993633156204 , 0 , 0 , 0 , 235 , 144 , 379000 , 189 , 129 , 235 , 146 , 2333 , 192 , 1 , 239 , 213 , 214 , 93 , 289 , 1.054822109683223 , 1.9192752211813737 , 3.005979648721968 , 3.9458571942688225 , 5.081266559317426 , 5.903162304567582 , -0.07153211538795917 , 199 , 388 , 1 , 0 , 0 , 0 , 0 , 1 , 2
235 , 144 , 380000 , 190 , 153 , 0 , 0 , 0 , 0 , 0 , 0 , 0 , 0 , 0 , 550 , 32 , 223 , 190 , -0.003190665787981703 , -3.064387595932313 , 9.74248495669036 , 0 , 0 , 0 , 235 , 144 , 381000 , 190 , 129 , 235 , 146 , 2333 , 193 , 1 , 239 , 213 , 214 , 93 , 290 , 1.0456635208471785 , 1.9598761031124365 , 2.951344653037872 , 3.9885392391539507 , 4.996769653061505 , 5.936804707928921 , -0.06508183739673976 , 200 , 390 , 1 , 0 , 0 , 0 , 0 , 1 , 2
235 , 144 , 382000 , 191 , 153 , 0 , 0 , 0 , 0 , 0 , 0 , 0 , 0 , 0 , 550 , 32 , 223 , 191 , 0.05933220042109763 , -3.0666672194538442 , 9.795262381984845 , 0 , 0 , 0 , 235 , 144 , 383000 , 191 , 129 , 235 , 146 , 2333 , 194 , 1 , 239 , 214 , 215 , 94 , 291 , 0.9471445091083357 , 1.9021706025498344 , 3.0462113877982366 , 3.9164640012600933 , 5.01527829093111 , 6.023361746903522 , 0.02224353882517391 , 201 , 392 , 1 , 0 , 0 , 0 , 0 , 1 , 2
235 , 144 , 384000 , 192 , 153 , 0 , 0 , 0 , 0 , 0 , 0 , 0 , 0 , 0 , 551 , 33 , 224 , 192 , -0.008228337970675431 , -2.9576327292156472 , 9.726379264637242 , 0 , 0 , 0 , 235 , 144 , 385000 , 192 , 129 , 235 , 146 , 2333 , 195 , 1 , 239 , 216 , 217 , 96 , 292 , 0.9712909590676975 , 1.9348317493277447 , 3.077683389668465 , 3.924483516287797 , 5.013127588550359 , 5.952546806464684 , 0.07867005213763786 , 202 , 394 , 1 , 0 , 0 , 0 , 0 , 1 , 2
235 , 144 , 386000 , 193 , 153 , 0 , 0 , 0 , 0 , 0 , 0 , 0 , 0 , 0 , 551 , 33 , 224 , 193 , -0.09304258892033755 , -3.0739950456334277 , 9.788188188651208 , 0 , 0 , 0 , 235 , 144 , 387000 , 193 , 129 , 235 , 146 , 2333 , 196 , 1 , 239 , 216 , 217 , 96 , 293 , 1.0613069401738089 , 1.9379869579378373 , 2.910493465425145 , 4.045332236661928 , 5.058702288931701 , 6.0211797536502685 , -0.018585650988464916 , 203 , 396 , 1 , 0 , 0 , 0 , 0 , 1 , 2
235 , 144 , 388000 , 194 , 153 , 0 , 0 , 0 , 0 , 0 , 0 , 0 , 0 , 0 , 552 , 34 , 225 , 194 , -0.09190641804295141 , -3.081945464699526 , 9.809524085135772 , 0 , 0 , 0 , 235 , 144 , 389000 , 194 , 129 , 235 , 146 , 2333 , 197 , 1 , 239 , 217 , 218 , 97 , 294 , 1.015130246707114 , 2.0425290970341177 , 2.971812330588337 , 3.9938585851793853 , 5.042805806373934 , 5.911562607300342 , 0.01705039222174276 , 204 , 398 , 1 , 0 , 0 , 0 , 0 , 1 , 2
235 , 144 , 390000 , 195 , 153 , 0 , 0 , 0 , 0 , 0 , 0 , 0 , 0 , 0 , 552 , 34 , 225 , 195 , -0.006366769936583652 , -3.054212305600298 , 9.7707187142259 , 0 , 0 , 0 , 235 , 144 , 391000 , 195 , 129 , 235 , 146 , 2333 , 198 , 1 , 239 , 219 , 220 , 99 , 295 , 1.049869382971346 , 1.9345339760404823 , 3.024639311565996 , 4.0969077025858605 , 4.9519913492564 , 6.091847407856154 , -0.07971413990401915 , 205 , 400 , 1 , 0 , 0 , 0 , 0 , 1 , 2
235 , 144 , 392000 , 196 , 153 , 0 , 0 , 0 , 0 , 0 , 0 , 0 , 0 , 0 , 553 , 35 , 226 , 196 , 0.05915642928395559 , -3.0684890723974005 , 9.820201347629117 , 0 , 0 , 0 , 235 , 144 , 393000 , 196 , 129 , 235 , 146 , 2333 , 199 , 1 , 239 , 219 , 220 , 99 , 296 , 0.9563923545831134 , 2.08165952141026 , 2.967880973035911 , 3.980519979332078 , 4.988965023368353 , 6.02480542997716 , 0.0035644322909067494 , 206 , 402 , 1 , 0 , 0 , 0 , 0 , 1 , 2
235 , 144 , 394000 , 197 , 153 , 0 , 0 , 0 , 0 , 0 , 0 , 0 , 0 , 0 , 553 , 35 , 226 , 197 , 0.09404443322394482 , -3.031419532458801 , 9.85819314008696 , 0 , 0 , 0 , 235 , 144 , 395000 , 197 , 129 , 235 , 146 , 2333 , 200 , 1 , 239 , 220 , 221 , 100 , 297 , 0.9806436468778563 , 2.0539440962702433 , 2.907261721852762 , 4.009902589881957 , 4.909479107941348 , 5.99157466935038 , -0.0753421646940168 , 207 , 404 , 1 , 0 , 0 , 0 , 0 , 1 , 2
235 , 144 , 396000 , 198 , 153 , 0 , 0 , 0 , 0 , 0 , 0 , 0 , 0 , 0 , 554 , 36 , 227 , 198 , 0.050652677187138145 , -3.097228739999738 , 9.887433026473923 , 0 , 0 , 0 , 235 , 144 , 397000 , 198 , 129 , 235 , 146 , 2333 , 201 , 1 , 239 , 222 , 223 , 102 , 298 , 0.9328515421618175 , 1.909298573836844 , 3.083837912435647 , 4.035985690348078 , 4.929082293146552 , 6.0728624076359266 , 0.07757174274756642 , 208 , 406 , 1 , 0 , 0 , 0 , 0 , 1 , 2
235 , 144 , 398000 , 199 , 153 , 0 , 0 , 0 , 0 , 0 , 0 , 0 , 0 , 0 , 554 , 36 , 227 , 199 , 0.0725252584859497 , -2.9128394254141194 , 9.860135879722439 , 0 , 0 , 0 , 235 , 144 , 399000 , 199 , 129 , 235 , 146 , 2333 , 202 , 1 , 239 , 222 , 223 , 102 , 299 , 1.0759697241988158 , 2.0768438055830893 , 2.9241224952820937 , 4.0911845891070024 , 5.061997624131352 , 5.952415999589794 , 0.016682223177696673 , 209 , 408 , 1 , 0 , 0 , 0 , 0 , 1 , 2
235 , 144 , 400000 , 200 , 153 , 0 , 0 , 0 , 0 , 0 , 0 , 0 , 0 , 0 , 555 , 37 , 228 , 200 , -0.02192376381357855 , -2.9308579020192296 , 9.713052792396354 , 0 , 0 , 0 , 235 , 144 , 401000 , 200 , 129 , 235 , 146 , 2333 , 203 , 1 , 239 , 223 , 224 , 103 , 300 , 0.9128566785571641 , 1.9950688464391506 , 3.029469587573219 , 3.9693554633190034 , 4.932927334999158 , 5.941262682943148 , 0.03185214379934728 , 210 , 410 , 1 , 0 , 0 , 0 , 0 , 1 , 2
